timestamp,question,answer,status,category
2025-08-08 12:03:48,복지용구 계약등록 방법,"**복지용구 계약등록 방법**

**계약 대상 조회:**

• 수급자 또는 가족이 **복지용구사업소**를 방문합니다.

• 사업소에서는 **“계약대상조회”** 버튼을 클릭하여 **“복지용구계약대상자조회”** 화면에 수급자의 성명 및 주민번호를 입력하고 확인 버튼을 클릭합니다.

**수급자 정보 확인:**

• 수급자인 경우, **“수급자정보”**, **“인정유효기간과 적용기간”**, **“계약이력”**이 화면에 표시됩니다.

• 수급자가 아닌 경우, **“장기요양수급자가 아닙니다”**라는 메시지가 나타납니다.

**계약 내역 등록:**

• 수급자와 체결된 계약 내역을 등록할 때는 **“계약자(대리인) 정보”**를 입력해야 합니다.

**기초생활수급자 정보 입력:**

• 수급자가 기초생활수급자 또는 의료급여수급자인 경우, **“입소이용의뢰서정보”**란에 시, 군, 구에서 통보받은 입소·이용의뢰서 정보를 입력합니다.

**대여 계약 입력:**

• 대여 계약을 입력할 때는 **“대여계약입력”** 버튼을 클릭하여, 복지용구사업소에서 등록한 대여 제품 중 보관 중인 제품 내역을 확인할 수 있습니다.

⚠️ **주의사항:** 계약 등록 시 입력한 정보가 정확한지 반드시 확인해 주세요.

📞 **문의:** 더 자세한 사항은 국민건강보험공단에 문의해 주세요.",success,기타
2025-08-08 12:04:40,대여제품등록,"**대여제품 등록 방법:**

**제품 코드 입력:**

• 바코드 스캐너가 없는 경우, **코드 조회기**를 사용하여 제품 코드를 입력할 수 있습니다.

• 코드 조회 버튼을 클릭하면, 제품 분류 기호를 선택할 수 있는 코드 조회기가 팝업됩니다.

**제품 등록 절차:**

1️⃣ 제품 분류 기호를 선택하면, 대여 제품 등록 화면의 제품 분류 기호 입력 칸에 해당 기호가 자동으로 입력됩니다.

2️⃣ 확인한 제품 코드를 대여 제품으로 등록하려면, **등록 버튼**을 클릭하면 됩니다.

**등록 결과 조회:**

• 대여 제품 현황 조회 화면으로 연결되어, 등록 결과를 확인할 수 있습니다.

⚠️ **주의사항:** 대여 중인 제품은 등록 취소가 불가능합니다. 신규로 등록한 제품의 경우, 취소 사유에 ""신규 취소""만 표시됩니다.

📞 **문의:** 더 자세한 사항은 국민건강보험공단에 문의해 주세요.",success,품목
2025-08-08 12:05:13,바코드 스캐너가있ㅇ,"**바코드 스캐너 사용법 안내**

**바코드 스캐너 사용:**

• **바코드 스캐너**를 사용하여 **대여 제품**을 등록할 수 있습니다.

• 스캐너를 사용하기 위해서는 **바코드 스캐너 사용 버튼**을 클릭한 후, 스캐너를 사용해야 합니다.

• 스캔한 **제품 코드**는 자동으로 입력됩니다.

**제품 코드 확인:**

• 입력한 **제품 코드**의 대여 제품 등록 적정성을 확인할 수 있습니다.

• 동일한 바코드를 스캔했을 경우, 우측에 메시지가 표시됩니다.

⚠️ **주의사항:** 바코드 스캐너가 없을 경우, 코드 조회기를 사용하여 제품 코드를 입력할 수 있습니다.

📞 **문의:** 더 자세한 사항은 국민건강보험공단에 문의해 주세요.",success,기타
2025-08-08 12:06:07,대여제품등록 방법,"**대여제품 등록 방법**

**대여제품 등록 절차:**

1️⃣ **바코드 스캐너 사용:**

• 대여 제품으로 등록할 수 있는 바코드의 경우, **품목명**, **제조사**, **제품명**이 표시됩니다.

• 확인한 제품 코드를 대여 제품으로 등록하려면 **등록 버튼**을 클릭하세요.

• 등록이 완료되면, 대여 제품 현황 조회 화면으로 연결되어 **등록 결과**를 확인할 수 있습니다.

2️⃣ **바코드 스캐너가 없는 경우:**

• **코드 조회기**를 사용하여 제품 코드를 입력할 수 있습니다.

• 코드 조회 버튼을 클릭하면, 제품 분류 기호를 선택할 수 있는 코드 조회기가 팝업됩니다.

• 제품 분류 기호를 선택하면, 대여 제품 등록 화면의 제품 분류 기호 입력 칸에 해당 기호가 자동 입력됩니다.

⚠️ **주의사항:** 대여 제품 등록 시, 제품의 **연한도액**을 초과하지 않도록 주의하세요. 연한도액을 초과할 경우, 전액 본인 부담이 될 수 있습니다.

📞 **문의:** 더 자세한 사항은 국민건강보험공단에 문의해 주세요.",success,품목
2025-08-08 12:06:25,대여제품등록 방법,"**대여제품 등록 방법**

**대여제품 등록 절차:**

1️⃣ **바코드 스캐너 사용:**

• 대여 제품으로 등록할 수 있는 바코드의 경우, **품목명**, **제조사**, **제품명**이 표시됩니다.

• 확인한 제품 코드를 대여 제품으로 등록하려면 **등록 버튼**을 클릭하세요.

• 등록이 완료되면, 대여 제품 현황 조회 화면으로 연결되어 **등록 결과를 확인**할 수 있습니다.

2️⃣ **바코드 스캐너가 없는 경우:**

• **코드 조회기**를 사용하여 제품 코드를 입력할 수 있습니다.

• 코드 조회 버튼을 클릭하면, 제품 분류 기호를 선택할 수 있는 코드 조회기가 팝업됩니다.

• 제품 분류 기호를 선택하면, 대여 제품 등록 화면의 제품 분류 기호 입력 칸에 해당 기호가 자동 입력됩니다.

⚠️ **주의사항:** 대여 제품 등록 시, 연한도액을 초과하지 않도록 주의하세요. 연한도액을 초과할 경우, 대여 기간을 조정해야 할 수 있습니다.

📞 **문의:** 더 자세한 사항은 국민건강보험공단에 문의해 주세요.",success,품목
2025-08-11 16:24:53,2025년 상반기 복지용구 신규 급여결정신청 기간,"**복지용구 신규 급여결정신청 기간 안내**

**신청 기간:**

• 2025년 상반기 복지용구 신규 급여결정신청 기간은 **2025년 1월 1일**부터 **2025년 6월 30일**까지입니다.

**주의사항:**

⚠️ 신청 기간 내에 신청하지 않으면 급여결정이 지연될 수 있으니, 반드시 기간 내에 신청해 주세요.

**문의:**

📞 자세한 사항은 국민건강보험공단에 문의해 주세요. 

신청 기간과 관련된 정보는 변경될 수 있으니, **반드시 확인해야 할 사항**입니다. 공단에 문의하여 최신 정보를 확인하시기 바랍니다.",success,기타
2025-08-11 16:38:20,2025년 상반기 복지용구 신규 급여결정신청 공고 신청기간이 언제야?,"**신청기간:**

2025년 상반기 복지용구 신규 급여결정신청의 접수기간은 **2025년 8월 18일(월)**부터 **8월 22일(금)**까지입니다.

⚠️ **주의사항:** 신청 기간을 놓치지 않도록 주의해 주세요.

📞 **문의:** 자세한 사항은 국민건강보험공단에 문의해 주세요.",success,기타
2025-08-11 16:39:46,제출방법은?,"**제출방법:**

• **USB 제출:** 원본 종이 서류는 필요하지 않으며, **USB 1개**에 제품 및 가격 관련 서류를 폴더별로 구분하여 제출해야 합니다.

• **폴더 구분 예시:** 
  - 업체명: ‘□□□’
  - 제품명: ‘△△△’일 경우, ‘□□□’ 폴더를 생성한 후, ‘△△△(품목명)’ 폴더 안에 △△△(제품)과 △△△(가격) 폴더로 구분합니다.
  - 신청하는 제품이 **2개 이상**일 경우, 각각의 제품별로 폴더를 추가해야 합니다.

• **업체명 표기:** USB 케이스에 업체명을 표기해야 하며, 업체명이 누락된 USB로 제출할 경우 신청 업체명 확인이 불가하여 접수가 불가할 수 있습니다. 이에 따른 책임은 신청 업체에 있습니다.

⚠️ **주의사항:** 제출 서류 목록 순서대로 자료를 폴더화하고 관련 파일을 구분하여 제출해야 합니다. 

확실하지 않은 부분은 국민건강보험공단에 문의해 주세요.",success,신청방법
2025-08-11 16:40:17,신규급여결정신청진행절차는?,"**신규 급여결정신청 진행절차:**

**신청 및 접수:**

• **기간:** 2025년 8월 18일(월)부터 8월 22일(금)까지

• **방법:** 온라인(노인장기요양보험 홈페이지) 신청 및 등기우편(USB) 제출

• ⚠️ **주의사항:** 등기우편(USB) 접수는 마감일인 2025년 8월 22일(금)까지 등기 발송된 것만 인정됩니다.

**제품 서류심사:**

• **기간:** 8월부터 9월까지

• **내용:** 유통‧제조(수입) 실적, 규격 충족 입증서류 등 제출서류의 적정성 검토

• **보완 요청:** 심사결과 보완요청을 받은 경우, 통보일로부터 7일 이내 보완‧제출해야 하며, 최종 서류가 '적합'으로 판정된 제품만 제품심사를 실시합니다.

**가격 서류심사:**

• **기간:** 8월부터 11월까지

• **내용:** 재료비, 매입원가 등 가격산출내역 검토 및 제조공정 검토‧확인

• **보완 요청:** 심사결과 보완요청을 받은 경우, 통보일로부터 7일 이내 보완‧제출해야 합니다.

**제품심사:**

• **기간:** 10월부터 11월까지

⚠️ **주의사항:** 모든 절차는 정해진 기간 내에 완료되어야 하며, 서류 제출 시 정확한 정보를 기재해야 합니다. 잘못된 정보 제출 시 불이익이 있을 수 있습니다.

📞 **문의:** 자세한 사항은 국민건강보험공단에 문의해 주세요.",success,기타
2025-08-11 16:43:55,신규급여결정신청진행절차는?,"**신규 급여결정신청 진행절차:**

**신청 및 접수:**

- **기간:** 2025년 8월 18일(월)부터 8월 22일(금)까지
- **방법:** 온라인(노인장기요양보험 홈페이지) 신청 및 등기우편(USB) 제출
- **주의사항:** 등기우편(USB) 접수는 마감일인 2025년 8월 22일(금)까지 등기 발송분만 인정됩니다.

**제품 서류심사 (8~9월):**

- **제출서류:** 유통‧제조(수입) 실적, 규격 충족 입증서류 등
- **검토:** 제출서류의 적정성 검토
- **보완요청:** 심사결과 보완요청을 받은 경우, 통보일로부터 **7일 이내** 보완‧제출해야 하며, 최종 서류가 '적합'으로 판정된 제품만 제품심사를 실시합니다.

**가격 서류심사 (8~11월):**

- **검토내용:** 재료비, 매입원가 등 가격산출내역 및 제조공정 검토‧확인
- **보완요청:** 심사결과 보완요청을 받은 경우, 통보일로부터 **7일 이내** 보완‧제출해야 합니다.

**제품심사 (10~11월):**

- 제품심사는 서류심사에서 '적합' 판정을 받은 제품에 한해 진행됩니다.

⚠️ **주의사항:** 모든 서류는 정확하게 작성하여 제출해야 하며, 허위자료 제출 시 심사절차가 즉시 중단되고 '부적합' 처리될 수 있습니다. 

📞 **문의:** 자세한 사항은 국민건강보험공단에 문의해 주세요.",success,기타
2025-08-11 16:44:41,신규급여결정신청진행절차는?,"**신규 급여결정신청 진행절차:**

1️⃣ **신청 및 접수:**

- **기간:** 2025년 8월 18일(월)부터 8월 22일(금)까지입니다.
- **방법:** 온라인(노인장기요양보험 홈페이지) 신청 및 등기우편(USB) 제출이 가능합니다.
- ⚠️ **주의사항:** 등기우편(USB) 접수는 마감일인 2025년 8월 22일(금)까지 등기 발송된 것만 인정됩니다.

2️⃣ **제품 서류심사 (8~9월):**

- **제출서류:** 유통‧제조(수입) 실적, 규격 충족 입증서류 등
- **검토:** 제출서류의 적정성을 검토합니다.
- **보완요청:** 심사결과 보완요청을 받은 경우, 통보일로부터 7일 이내에 보완‧제출해야 하며, 최종 서류가 '적합'으로 판정된 제품만 제품심사를 실시합니다.

3️⃣ **가격 서류심사 (8~11월):**

- **검토내용:** 재료비, 매입원가 등 가격산출내역 및 제조공정을 검토‧확인합니다.
- **보완요청:** 심사결과 보완요청을 받은 경우, 통보일로부터 7일 이내에 보완‧제출해야 합니다.

4️⃣ **제품심사 (10~11월):**

- **심사대상:** 최종 서류가 '적합'으로 판정된 제품만 심사를 받습니다.

📞 **문의:** 더 자세한 사항은 국민건강보험공단에 문의해 주세요.",success,기타
2025-08-11 16:45:45,그다음 단계는 없어?,"**신규 급여결정신청 진행절차:**

신규 복지용구의 급여결정신청은 여러 단계로 이루어져 있습니다. 각 단계는 다음과 같습니다:

1️⃣ **신청 및 접수:**

• 신청 기간: **2025년 8월 18일(월) ~ 8월 22일(금)**

• 신청 방법: 온라인(노인장기요양보험 홈페이지) 및 등기우편(USB) 제출

• 주의사항: 등기우편은 마감일인 **2025년 8월 22일(금)**까지 발송된 것만 인정됩니다.

2️⃣ **제품 서류심사 (8~9월):**

• 유통 및 제조(수입) 실적, 규격 충족 입증서류 등 제출

• 적정성 검토: 심사결과 보완 요청을 받은 경우, 통보일로부터 **7일 이내** 보완 및 제출

• 최종 서류가 '적합'으로 판정된 제품만 제품심사 실시

3️⃣ **가격 서류심사 (8~11월):**

• 재료비, 매입원가 등 가격산출내역 검토 및 제조공정 확인

• 심사결과 보완 요청을 받은 경우, 통보일로부터 **7일 이내** 보완 및 제출

4️⃣ **제품심사 (10~11월):**

• 최종적으로 적합한 제품에 대해 심사가 이루어집니다.

⚠️ **주의사항:** 각 단계에서 요구되는 서류와 절차를 정확히 준수해야 합니다. 추가적인 정보나 문의사항이 있을 경우, 국민건강보험공단에 문의해 주세요.

📞 **문의:** 국민건강보험공단에 확인해 주세요.",success,기타
2025-08-11 16:48:50,신규급여결정신청진행절차는?,"**신규 급여결정신청 진행절차:**

1️⃣ **신청 및 접수:**

• 신청 기간: **2025년 8월 18일(월) ~ 8월 22일(금)**

• 신청 방법: 온라인(노인장기요양보험 홈페이지) 및 등기우편(USB) 제출

• 주의사항: 등기우편(USB) 접수는 마감일인 **2025년 8월 22일(금)**까지 등기 발송분만 인정됩니다.

2️⃣ **제품 서류심사 (8~9월):**

• 제출서류: 유통‧제조(수입) 실적, 규격 충족 입증서류 등

• 심사결과 보완요청을 받은 경우: 통보일로부터 **7일 이내** 보완‧제출

• 최종 서류 ‘적합’ 제품만 제품심사 실시

3️⃣ **가격 서류심사 (8~11월):**

• 검토 내용: 재료비, 매입원가 등 가격산출내역 및 제조공정

• 심사결과 보완요청을 받은 경우: 통보일로부터 **7일 이내** 보완‧제출

4️⃣ **제품심사 (10~11월):**

• 최종 서류심사에서 ‘적합’ 판정을 받은 제품만 심사 진행

⚠️ **주의사항:** 모든 서류는 정확하게 작성하여 제출해야 하며, 허위자료 제출 시 심사절차가 즉시 중단되고 ‘부적합’ 처리될 수 있습니다.

📞 **문의:** 자세한 사항은 국민건강보험공단에 문의해 주세요.",success,기타
2025-08-11 16:52:42,신규급여결정신청진행절차는?,"**신규 급여결정신청 진행절차:**

**신청 및 접수:**

• **기간:** 2025년 8월 18일(월)부터 8월 22일(금)까지

• **방법:** 온라인(노인장기요양보험 홈페이지) 신청 및 등기우편(USB) 제출

• **주의사항:** 등기우편(USB) 접수는 마감일인 2025년 8월 22일(금)까지 등기 발송된 것만 인정됩니다.

**제품 서류심사 (8~9월):**

• 유통‧제조(수입) 실적, 규격 충족 입증서류 등 제출서류의 적정성 검토

• 심사결과 보완요청을 받은 경우, 통보일로부터 **7일 이내** 보완‧제출해야 하며, 최종 서류가 '적합'으로 판정된 제품만 제품심사를 실시합니다.

**가격 서류심사 (8~11월):**

• 재료비, 매입원가 등 가격산출내역 검토 및 제조공정 검토‧확인

• 심사결과 보완요청을 받은 경우, 통보일로부터 **7일 이내** 보완‧제출해야 합니다.

**제품심사 (10~11월):**

• 최종 서류심사에서 '적합'으로 판정된 제품에 한해 제품심사가 진행됩니다.

⚠️ **주의사항:** 모든 서류는 정확하게 작성하여 제출해야 하며, 허위자료 제출 시 심사절차가 즉시 중단되고 '부적합' 처리될 수 있습니다. 

📞 **문의:** 자세한 사항은 국민건강보험공단에 문의해 주세요.",success,기타
2025-08-11 17:07:08,제품관련점검표에는 어떤게있아ㅓ,"**제품 관련 점검표:**

제품 관련 점검표는 **국내 제조** 및 **수입 제품**에 대해 작성해야 하는 서류입니다. 이 점검표에는 다음과 같은 정보가 포함됩니다:

• **업체 정보:**
  - 업체명
  - 사업자등록번호
  - 대표자명 및 생년월일
  - 설립 구분 (개인 또는 법인)
  - 연락처 (회사 이메일, 팩스번호)
  - 소재지 (사업장, 공장)

• **제품 정보:**
  - 이전 신청일자
  - 통보 결과 및 사유
  - 품목명 및 제품명
  - 판매 희망가
  - 우수제품 코드
  - 제조물 배상 책임 보험 기간
  - 우수제품 지정 기간
  - 크기 (가로 x 세로 x 높이, cm)
  - 무게 (kg)
  - 주요 재질
  - 색상
  - 품질 시스템 인증 현황 (ISO9001 또는 ISO13485)
  - 원산지 정보 (국내 또는 수입)

⚠️ **주의사항:** 원산지 표시 규정에 따라 정확히 표시해야 합니다.

이 점검표는 **공통 서식**으로 작성 항목 등을 임의로 변경할 수 없으며, 작성란(공란)만 기재해야 합니다. 

📞 **문의:** 더 자세한 사항은 국민건강보험공단에 문의해 주세요.",success,품목
2025-08-11 17:25:51,신규급여결정신청진행절차 전부 말해줘,"**신규급여결정신청진행절차:**

1️⃣ **신청서 작성 및 제출:**

• 신규 급여결정신청은 정해진 기간 내에만 가능합니다. 신청서 작성 시 지정된 형식(파일 용량, 확장자 등)을 준수해야 합니다.

• 자세한 사항은 온라인 신청 절차 안내서를 참고하시기 바랍니다.

2️⃣ **심사 절차:**

• 신청서가 제출되면 서류 및 제품 심사와 가격 산정이 이루어집니다.

• 심사 과정에서 허위 자료 제출이 확인될 경우, 심사 절차가 즉시 중단되고 '부적합' 처리됩니다.

• 복지용구 신규 급여결정신청은 최대 2회까지 제한됩니다.

⚠️ **주의사항:** 허위 자료 제출 시 사문서 위조에 따른 소송이 제기될 수 있으니, 서류 제출 전 반드시 원가 요소 등을 올바르게 작성했는지 면밀히 확인 후 제출하시기 바랍니다.

3️⃣ **결과 통보:**

• 신청일로부터 **120일 이내**에 급여결정신청 결과가 통보됩니다.

4️⃣ **최종 심의 및 고시:**

• 장기요양위원회의 최종 심의를 거쳐 보건복지부 장관이 고시합니다.

• 장기요양위원회 심의 결과에 따라 급여 인정 여부가 최종 결정됩니다.

📞 **문의:** 더 자세한 사항은 국민건강보험공단에 문의해 주세요.",success,기타
2025-08-11 17:26:40,신규급여결정신청진행절차는?,"**신규 급여결정신청 진행절차:**

1️⃣ **신청 및 접수:**

• 신청 기간: **2025년 8월 18일(월) ~ 8월 22일(금)**

• 신청 방법: 온라인(노인장기요양보험 홈페이지) 신청 및 등기우편(USB) 제출

• 주의사항: 등기우편(USB) 접수는 마감일인 **2025년 8월 22일(금)**까지 등기 발송분만 인정됩니다.

2️⃣ **제품 서류심사 (8~9월):**

• 제출서류: 유통‧제조(수입) 실적, 규격 충족 입증서류 등

• 심사결과 보완요청을 받은 경우: 통보일로부터 **7일 이내** 보완‧제출

• 최종 서류 ‘적합’ 제품만 제품심사 실시

3️⃣ **가격 서류심사 (8~11월):**

• 검토 내용: 재료비, 매입원가 등 가격산출내역 및 제조공정

• 심사결과 보완요청을 받은 경우: 통보일로부터 **7일 이내** 보완‧제출

4️⃣ **제품심사 (10~11월):**

• 최종 서류심사에서 ‘적합’ 판정을 받은 제품만 심사 진행

⚠️ **주의사항:** 모든 서류는 정확하고 올바르게 작성하여 제출해야 하며, 허위자료 제출 시 심사절차가 즉시 중단되고 ‘부적합’ 처리될 수 있습니다.

📞 **문의:** 자세한 사항은 국민건강보험공단에 문의해 주세요.",success,기타
2025-08-11 17:29:53,신규급여결정신청진행절차,"**신규 급여결정신청 진행절차:**

**신청 및 접수:**

• 신청 기간: **2025년 8월 18일(월) ~ 8월 22일(금)**

• 신청 방법: 온라인(노인장기요양보험 홈페이지) 신청 및 등기우편(USB) 제출

• 주의사항: 등기우편(USB) 접수는 **마감일(2025년 8월 22일(금))**까지 등기 발송분만 인정됩니다.

**제품 서류심사 (8~9월):**

• 제출서류: 유통‧제조(수입) 실적, 규격 충족 입증서류 등

• 심사결과 보완요청을 받은 경우: 통보일로부터 **7일 이내** 보완‧제출

• 최종 서류 ‘적합’ 제품만 제품심사 실시

**가격 서류심사 (8~11월):**

• 검토 내용: 재료비, 매입원가 등 가격산출내역 및 제조공정

• 심사결과 보완요청을 받은 경우: 통보일로부터 **7일 이내** 보완‧제출

**제품심사 (10~11월):**

• 최종 서류심사에서 ‘적합’ 판정을 받은 제품만 심사 진행

⚠️ **주의사항:** 모든 서류는 정확하게 작성하여 제출해야 하며, 허위자료 제출 시 심사절차가 즉시 중단되고 ‘부적합’ 처리될 수 있습니다.

📞 **문의:** 자세한 사항은 국민건강보험공단에 문의해 주세요.",success,기타
2025-08-11 17:31:18,신규급여결정신청진행절차,"**신규 급여결정신청 진행절차:**

**신청 및 접수:**

• 신청 기간: **2025년 8월 18일(월) ~ 8월 22일(금)**

• 신청 방법: 온라인(노인장기요양보험 홈페이지) 신청 및 등기우편(USB) 제출

• 주의사항: 등기우편(USB) 접수는 **마감일(2025년 8월 22일(금))**까지 등기 발송분만 인정됩니다.

**제품 서류심사 (8~9월):**

• 제출서류: 유통‧제조(수입) 실적, 규격 충족 입증서류 등

• 심사결과 보완요청을 받은 경우: 통보일로부터 **7일 이내** 보완‧제출

• 최종 서류 ‘적합’ 제품만 제품심사 실시

**가격 서류심사 (8~11월):**

• 검토 내용: 재료비, 매입원가 등 가격산출내역 및 제조공정

• 심사결과 보완요청을 받은 경우: 통보일로부터 **7일 이내** 보완‧제출

**제품심사 (10~11월):**

• 최종 서류심사에서 ‘적합’ 판정을 받은 제품만 심사 진행

⚠️ **주의사항:** 모든 서류는 정확하고 올바르게 작성하여 제출해야 하며, 허위자료 제출 시 심사절차가 즉시 중단되고 ‘부적합’ 처리될 수 있습니다.

📞 **문의:** 자세한 사항은 국민건강보험공단에 문의해 주세요.",success,기타
2025-08-11 17:32:08,신규급여결정신청진행절차 전부 말해줘,"**신규급여결정신청진행절차:**

1️⃣ **신청서 작성 및 제출:**

• 신규 급여 결정 신청은 **신청 기간 내**에만 가능합니다.

• 신청서 작성 시 **지정된 형식**(파일 용량, 확장자 등)을 준수해야 합니다.

• 자세한 사항은 **온라인 신청 절차 안내서**를 참고하시기 바랍니다.

2️⃣ **심사 절차:**

• **서류 및 제품 심사**와 **가격 산정**이 이루어집니다.

• 심사 과정에서 **허위 자료 제출**이 확인될 경우, 심사 절차가 즉시 중단되고 **'부적합'** 처리됩니다.

• 복지용구 신규 급여 결정 신청이 **2회 제한**됩니다.

⚠️ **주의사항:** 허위 자료 제출 시 사문서 위조에 따른 소송이 제기될 수 있습니다. 서류 제출 전 반드시 **원가 요소** 등을 올바르게 작성했는지 면밀히 확인 후 제출하시기 바랍니다.

3️⃣ **결과 통보:**

• 신청일로부터 **120일 이내**에 급여 결정 신청 결과가 통보됩니다.

4️⃣ **최종 심의 및 고시:**

• **장기요양위원회**의 최종 심의를 거쳐 **보건복지부 장관**이 고시합니다.

• 장기요양위원회 심의 결과에 따라 **급여 인정 여부**가 최종 결정됩니다.

📞 **문의:** 더 궁금한 사항이 있으시면 국민건강보험공단에 문의해 주세요.",success,기타
2025-08-12 09:34:20,신규급여결정신청 하는방법,"**신규급여결정신청 방법 안내**

**신청 기간:**

• 신규 급여 결정 신청은 **신규급여결정신청기간** 내에만 가능합니다.

**신청서 작성 및 제출:**

• 신청서를 작성할 때는 **지정된 형식**(파일 용량, 확장자 등)을 준수해야 합니다.

• 자세한 사항은 **[붙임2] 온라인 신청 절차 안내서**를 참고하시기 바랍니다.

**신청 품목 심사:**

• 신규 신청 품목(고시 외)은 위원회 심의 결과에 따라 **급여 인정** 여부가 결정됩니다.

1️⃣ **품목·제품 모두 급여 인정**되는 경우: 동시 급여 등재

2️⃣ **품목이 급여 불인정**되는 경우: 해당 제품도 급여 불인정

**주의사항:**

⚠️ 허위 자료 제출 시 심사 절차가 즉시 중단되며, **'부적합' 처리**됩니다.

⚠️ 복지용구 신규 급여 결정 신청이 **2회 제한**될 수 있습니다.

⚠️ 사문서 위조에 따른 **소송 제기** 등의 불이익이 발생할 수 있습니다.

**결과 통보:**

• 신청일로부터 **120일 이내**에 급여 결정 신청 결과가 통보됩니다.

**문의:**

📞 자세한 사항은 국민건강보험공단에 문의해 주세요.

신청 과정에서 궁금한 점이 있으면 언제든지 문의하시기 바랍니다. 어르신께서 이해하기 쉽게 설명드리겠습니다.",success,기타
2025-08-12 09:34:57,신규급여결정신청,"**신규급여결정신청 안내**

**신청 기간:**

• 신규 급여 결정 신청은 **신청 기간 내**에만 가능합니다. 신청 기간을 놓치지 않도록 주의해 주세요.

**신청 방법:**

• 신청서를 작성하고 파일을 첨부할 때는 **지정된 형식**(파일 용량, 확장자 등)을 준수해야 합니다.

• 자세한 사항은 **[붙임2] 온라인 신청 절차 안내서**를 참고하시기 바랍니다.

**신청 품목 심사:**

• 신규 신청 품목(고시 외)은 위원회 심의 결과에 따라 결정됩니다.

1️⃣ **급여 인정**: 품목과 제품 모두 급여 인정이 되면 동시에 급여 등재됩니다.

2️⃣ **급여 불인정**: 품목이 급여 불인정이 되면 해당 제품도 급여 불인정이 됩니다.

**주의사항:**

⚠️ 허위 자료 제출에 따른 기망 행위를 근절하기 위해, 심사 과정에서 허위 자료 제출이 확인되면 심사 절차가 즉시 중단되고 '부적합' 처리됩니다.

⚠️ 복지용구 신규 급여 결정 신청이 **2회 제한**됩니다.

⚠️ 사문서 위조에 따른 소송 제기 등 불미스러운 일이 발생하지 않도록 서류 제출 전 반드시 원가 요소 등을 올바르게 작성하였는지 면밀히 확인 후 제출하시기 바랍니다.

**결과 통보:**

• 신청일로부터 **120일 이내**에 급여 결정 신청 결과가 통보됩니다.

**문의:**

📞 자세한 사항은 국민건강보험공단에 문의해 주세요.",success,기타
2025-08-12 09:39:01,새로운 급여제품등록하고싶어.,"**새로운 급여제품 등록 안내**

**신청 절차:**

1️⃣ **신청 기간:** 2025년 8월 18일(월)부터 8월 22일(금)까지입니다.

2️⃣ **신청 방법:** 
   • 온라인 신청: 노인장기요양보험 홈페이지를 통해 가능합니다.
   • 등기우편 접수: USB로 제출하셔야 합니다.
   • 온라인 신청 방법은 공고문에 첨부된 '온라인신청절차안내서'를 참고하세요.

**제출 서류:**

• 제출 서류와 업체명, 제품명이 일치해야 합니다.
• 수입신고필증, 시험 성적서, 인증서 등의 서류가 필요합니다.
• 서류 누락이나 서식 변경 없이 정확히 작성해야 합니다.

**주의사항:**

⚠️ **제한 대상:** 
   • 최근 1년 이내 허위 자료를 제출한 경우
   • 기준고시에 등재된 품목과 중복되는 경우
   • 복지용구 예비급여 시범사업을 통해 평가 중인 품목

**문의:**

📞 **문의:** 국민건강보험공단에 확인해 주세요.

신청 전에 모든 서류와 절차를 꼼꼼히 확인하시고, 궁금한 점이 있으면 국민건강보험공단에 문의하시는 것이 좋습니다.",success,품목
2025-08-12 11:27:43,신규급여신청하는방법,"**신규 급여 신청 방법:**

**신청 기간:**

• **2025년 8월 18일(월)**부터 **8월 22일(금)**까지입니다.

**신청 방법:**

• **온라인 신청:** 노인장기요양보험 홈페이지를 통해 신청 가능합니다.

• **등기우편 제출:** USB에 필요한 서류를 담아 등기우편으로 제출하실 수 있습니다. 단, **마감일(2025년 8월 22일)**까지 등기 발송된 것만 인정됩니다.

**서류 심사:**

• **8월부터 9월까지** 진행됩니다.

• 유통 및 제조(수입) 실적, 규격 충족 입증서류 등의 제출서류의 적정성을 검토합니다.

• 심사 결과 보완 요청을 받은 경우, 통보일로부터 **7일 이내**에 보완하여 제출해야 합니다. 최종 서류가 '적합'으로 판정된 제품만 제품 심사를 받게 됩니다.

**가격 서류 심사:**

• **8월부터 11월까지** 진행됩니다.

• 재료비, 매입원가 등 가격 산출 내역을 검토하고 제조 공정을 확인합니다.

• 심사 결과 보완 요청을 받은 경우, 통보일로부터 **7일 이내**에 보완하여 제출해야 합니다.

**제품 심사:**

• **10월부터 11월까지** 진행됩니다.

⚠️ **주의사항:** 허위 자료 제출 시 심사 절차가 즉시 중단되며, '부적합' 처리됩니다. 또한, 복지용구 신규 급여 결정 신청이 **2회 제한**될 수 있습니다.

📞 **문의:** 더 자세한 사항은 국민건강보험공단에 문의해 주세요.",success,기타
2025-08-12 11:28:18,신규급여결정신청,"**신규급여결정신청 안내**

**신청 기간:**

• 신규 급여 결정 신청은 **신청 기간 내**에만 가능합니다. 신청 기간을 놓치지 않도록 주의해 주세요.

**신청 방법:**

• 신청서를 작성하고 파일을 첨부할 때는 **지정된 형식**(파일 용량, 확장자 등)을 준수해야 합니다.

• 자세한 사항은 **온라인 신청 절차 안내서**를 참고하시기 바랍니다.

**신청 심사:**

• 신규 신청 품목(고시 외)은 위원회 심의 결과에 따라 **급여 인정** 여부가 결정됩니다.

1️⃣ 품목과 제품 모두 **급여 인정**되는 경우: 동시 급여 등재

2️⃣ 품목이 **급여 불인정**되는 경우: 해당 제품도 **급여 불인정**

**주의사항:**

⚠️ 허위 자료 제출 시 심사 절차가 즉시 중단되며, **'부적합' 처리**됩니다.

⚠️ 복지용구 신규 급여 결정 신청이 **2회 제한**됩니다.

⚠️ 사문서 위조에 따른 소송이 제기될 수 있으니, 서류 제출 전 반드시 **원가 요소** 등을 올바르게 작성했는지 확인해 주세요.

**결과 통보:**

• 신청일로부터 **120일 이내**에 급여 결정 신청 결과가 통보됩니다.

**문의:**

📞 자세한 사항은 국민건강보험공단에 문의해 주세요.

이 안내가 도움이 되셨기를 바랍니다. 추가로 궁금한 점이 있으시면 언제든지 문의해 주세요.",success,기타
2025-08-12 14:33:45,복지용구 급여유효기간 갱신 실시 일정,"**복지용구 급여유효기간 갱신 실시 일정**

**신청 대상:**

• **2025년 10월 16일**에 급여유효기간이 만료 예정인 복지용구 **25개 제품**

• **2025년 12월 31일**에 급여유효기간이 만료 예정인 복지용구 **55개 제품**

**갱신 대상 제품 확인 방법:**

• 갱신 대상 제품의 상세 현황은 **별첨**을 참조해 주세요.

• 공급업체 업무 포털에서 **급여유효기간 확인 방법**을 참고하실 수 있습니다.

**주의사항:**

⚠️ 공급업체는 급여유효기간 갱신 만료일 이후에 추가 유통을 희망하는 경우, 해당 제품의 갱신 접수 기간을 반드시 확인하여 **접수 기간 내에 접수**해 주시기 바랍니다.

**문의:**

📞 자세한 사항은 국민건강보험공단에 문의해 주세요.",success,기타
2025-08-12 14:34:33,복지용구 급여유효기간 갱신 알려줘ㅗ,"**복지용구 급여유효기간 갱신 안내**

**복지용구 급여유효기간 갱신이란:**

복지용구 제품의 지속적인 관리와 사용을 위해 **2017년부터** 도입된 제도입니다. 이 제도를 통해 복지용구의 사용 가능 기간을 정하고, 그 기간이 만료되기 전에 갱신 신청을 통해 계속 사용할 수 있도록 합니다.

**갱신 신청 대상:**

• **2025년 12월 31일**에 급여유효기간이 만료 예정인 복지용구 **55개 제품**

• **2025년 10월 16일**에 급여유효기간이 만료 예정인 복지용구 **25개 제품**

**갱신 신청 방법:**

1️⃣ **공급업체 업무 포털**에서 급여유효기간을 확인합니다.

2️⃣ 갱신 접수 기간 내에 **반드시** 신청을 완료해야 합니다.

3️⃣ 갱신 신청이 완료되면, 복지용구를 계속 사용할 수 있습니다.

**주의사항:**

⚠️ 갱신 접수 기간을 놓치면, 해당 복지용구의 추가 유통이 어려울 수 있습니다.

📞 **문의:** 자세한 사항은 국민건강보험공단에 문의해 주세요.

복지용구의 사용에 불편함이 없도록, 갱신 신청을 제때에 하시길 바랍니다. 궁금한 점이 있으면 언제든지 문의해 주세요.",success,기타
2025-08-12 14:35:13,복지용구 급여유효기간 갱신 기간알려줘,"**복지용구 급여유효기간 갱신 안내**

**갱신 신청 대상:**

• **2025년 10월 16일**에 급여유효기간이 만료 예정인 복지용구 **25개 제품**

• **2025년 12월 31일**에 급여유효기간이 만료 예정인 복지용구 **55개 제품**

**갱신 신청 방법:**

• 복지용구의 급여유효기간이 만료되기 전에 **공급업체 업무 포털**에서 갱신 신청을 하셔야 합니다.

• 갱신 대상 제품의 상세 현황은 **별첨**을 참조해 주세요.

**주의사항:**

⚠️ **공급업체는 갱신 접수 기간을 반드시 확인하여 접수 기간 내에 신청해야 합니다.**

⚠️ **갱신 신청을 하지 않으면 만료일 이후 추가 유통이 불가능할 수 있습니다.**

**문의:**

📞 **국민건강보험공단**에 문의하셔서 자세한 정보를 확인해 주세요.

복지용구의 급여유효기간 갱신은 어르신들의 편안한 생활을 위해 매우 중요하니, 반드시 기간 내에 신청하시기 바랍니다.",success,기타
2025-08-12 14:35:53,복지용구 급여유효기간 갱신 신청기간,"**복지용구 급여유효기간 갱신 신청기간 안내**

**신청 대상:**

• **2025년 10월 16일**에 급여유효기간이 만료 예정인 복지용구 **25개 제품**

• **2025년 12월 31일**에 급여유효기간이 만료 예정인 복지용구 **55개 제품**

**신청 방법:**

• 공급업체는 **급여유효기간 갱신 만료일 이후**에 추가 유통을 희망하는 경우, 해당 제품의 **갱신 접수 기간**을 반드시 확인하여 **접수 기간 내에 접수**해야 합니다.

**주의사항:**

⚠️ **공급업체의 협조가 반드시 필요**합니다. 제도가 올바르게 운영되기 위해서는 공급업체가 정해진 절차를 준수해야 합니다.

📞 **문의:** 자세한 사항은 국민건강보험공단에 문의해 주세요.

**참고:** 복지용구의 지속적인 관리체계를 위해 **2017년부터** '복지용구 급여유효기간' 제도가 도입되었습니다.",success,기타
2025-08-12 14:38:40,복지용구 급여유효기간 갱신 실시일정,"**복지용구 급여유효기간 갱신 실시일정**

**신청대상:**

• **2025년 12월 31일**에 급여유효기간이 만료 예정인 **55개** 복지용구 제품

• **2025년 10월 16일**에 급여유효기간이 만료 예정인 **25개** 복지용구 제품

**신청방법 및 기간:**

• **신청방법:** 공급업체가 신청일자에 맞춰 전산처리

• **신청경로:** 공급업체 로그인 후 [복지용구신청] → [복지용구 급여유효기간 갱신신청 등록]

**유의사항:**

⚠️ **주의사항:** 급여유효기간 만료일 **90일 전부터 60일 전까지** 관련 서류를 첨부하여 공단에 갱신 신청을 해야 합니다.

📞 **문의:** 국민건강보험공단에 확인해 주세요.

복지용구의 급여유효기간이 만료되면 추가 유통이 불가하니, 반드시 기간 내에 갱신 신청을 완료하시기 바랍니다.",success,기타
2025-08-12 14:39:14,기간은?,"**복지용구 대여 및 구매 기간:**

복지용구를 대여하거나 구매하실 때는 기간에 대한 이해가 중요합니다. 아래 내용을 참고해 주세요.

**대여 기간:**

• **최대 5년**까지 대여 가능합니다. 대여 기간은 개인의 필요에 따라 조정될 수 있습니다.

• 대여 기간이 끝나기 전에 연장이 필요하신 경우, **국민건강보험공단**에 문의하셔서 연장 가능 여부를 확인해 주세요.

**구매 기간:**

• 복지용구는 필요에 따라 **언제든지 구매**하실 수 있습니다.

• 구매 후에는 **반환이 불가**하니, 신중하게 결정해 주세요.

⚠️ **주의사항:** 대여와 구매 시 본인부담금이 발생할 수 있으며, 소득 수준에 따라 달라질 수 있습니다.

📞 **문의:** 자세한 사항은 국민건강보험공단에 문의해 주세요.",success,기타
2025-08-12 14:44:58,복지용구 급여유효기간 갱신 실시일정,"**복지용구 급여유효기간 갱신 실시일정**

**신청대상:**

• **2025년 12월 31일** 급여유효기간 만료 예정인 복지용구 **55개 제품**

• **2025년 10월 16일** 급여유효기간 만료 예정인 복지용구 **25개 제품**

**신청방법 및 기간:**

• **신청방법:** 공급업체가 접수기간에 맞춰 전산처리

  - **전산처리 경로:** 공급업체 로그인 / 복지용구신청 / 복지용구 급여유효기간 갱신 신청 등록

  - **전산사용 매뉴얼:** 노인장기요양보험 홈페이지의 알림, 자료실에서 확인 가능

• **접수기간:**

  1️⃣ **2025년 10월 1일** ~ **2025년 10월 31일** (1개월)

  2️⃣ **2025년 7월 18일** ~ **2025년 8월 17일** (1개월)

⚠️ **주의사항:** 접수기간을 초과하면 전산입력이 불가하여 갱신 신청이 불가능하므로 반드시 기간 내에 전산등록을 완료해 주세요.

📞 **문의:** 요양자원실 건강보험고령친화연구센터 연구4팀 033-736-1899

위의 일정과 방법을 참고하여 복지용구 급여유효기간 갱신 신청을 준비해 주세요. 궁금한 점이 있으면 국민건강보험공단에 문의하시면 됩니다.",success,기타
2025-08-12 14:47:17,복지용구 급여유효기간 갱신 실시일정,"**복지용구 급여유효기간 갱신 실시일정**

**신청대상:**

• **2025.12.31.** 급여유효기간 만료 예정인 복지용구 **55개 제품**

• **2025.10.16.** 급여유효기간 만료 예정인 복지용구 **25개 제품**

**신청방법 및 기간:**

• **2025년 제4차 갱신 신청:**

  - **신청기간:** **2025.10.1.** ~ **2025.10.31.** (1개월)

  - **신청방법:** 공급업체가 전산처리 경로를 통해 신청

  - **전산처리 경로:** 공급업체 로그인 / 복지용구신청 / 복지용구 급여유효기간 갱신 신청 등록

  - ⚠️ **주의사항:** 접수기간 초과 시 전산입력이 불가하므로 반드시 기간 내에 전산등록 하셔야 합니다.

• **2025년 제3차 갱신 신청:**

  - **신청기간:** **2025.7.18.** ~ **2025.8.17.** (1개월)

  - **신청방법:** 공급업체가 전산처리 경로를 통해 신청

  - **전산처리 경로:** 공급업체 로그인 / 복지용구신청 / 복지용구 급여유효기간 갱신 신청 등록

  - ⚠️ **주의사항:** 접수기간 초과 시 전산입력이 불가하므로 반드시 기간 내에 전산등록 하셔야 합니다.

**문의처:**

📞 **제4차 갱신 문의:** 요양자원실 건강보험고령친화연구센터 연구4팀 033-736-1899

📞 **제3차 갱신 문의:** 요양자원실 건강보험고령친화연구센터 연구3팀 033-736-1887

**추가 정보:**

• **전산사용 매뉴얼:** 노인장기요양보험 홈페이지 / 알림, 자료실 / 복지용구 안내 / 공지사항에서 확인 가능

• **담당자 이메일:** 제3차 갱신 - 220133@nhis.or.kr, 제4차 갱신 - kskang@nhis.or.kr

복지용구의 급여유효기간 갱신은 어르신들의 일상생활과 건강을 지원하는 중요한 절차입니다. 반드시 정해진 기간 내에 신청을 완료하시기 바랍니다.",success,기타
2025-08-12 14:58:14,복지용구 급여유효기간 갱신 실시일정,"**복지용구 급여유효기간 갱신 실시일정**

**신청대상:**

• **2025.12.31.** 급여유효기간 만료 예정인 복지용구 **55개 제품**

• **2025.10.16.** 급여유효기간 만료 예정인 복지용구 **25개 제품**

**신청방법 및 기간:**

• **2025년 제4차 갱신 신청:**

  - **방법:** 공급업체가 전산처리
  - **기간:** **2025.10.1.** ~ **2025.10.31.** (1개월)
  - ⚠️ **주의사항:** 접수기간 초과 시 전산입력이 불가하므로 반드시 기간 내에 전산등록 하셔야 합니다.

• **2025년 제3차 갱신 신청:**

  - **방법:** 공급업체가 전산처리
  - **기간:** **2025.7.18.** ~ **2025.8.17.** (1개월)
  - ⚠️ **주의사항:** 접수기간 초과 시 전산입력이 불가하므로 반드시 기간 내에 전산등록 하셔야 합니다.

**문의처:**

📞 **제4차 갱신 문의:** 요양자원실 건강보험고령친화연구센터 연구4팀 033-736-1899

📞 **제3차 갱신 문의:** 요양자원실 건강보험고령친화연구센터 연구3팀 033-736-1887

**추가 정보:**

• **전산사용 매뉴얼:** 노인장기요양보험 홈페이지의 공지사항에서 확인 가능

• **배회감지기(GPS형) 품목:** 별도 처리 사항 없음

복지용구의 급여유효기간 갱신은 어르신들의 일상생활과 건강을 지원하는 중요한 절차입니다. 반드시 정해진 기간 내에 신청을 완료하시기 바랍니다.",success,기타
2025-08-12 15:04:13,복지용구 급여갱신 언제지?,"**복지용구 급여유효기간 갱신 일정 안내**

**신청대상:**

• **2025년 12월 31일**에 급여유효기간이 만료 예정인 복지용구 **55개 제품**

**신청방법 및 기간:**

• **신청방법:** 공급업체가 전산처리를 통해 신청

• **전산처리 경로:** 공급업체 로그인 → 복지용구신청 → 복지용구 급여유효기간 갱신 신청 등록

• **접수기간:** **2025년 10월 1일**부터 **2025년 10월 31일**까지

⚠️ **주의사항:** 접수기간을 초과하면 전산입력이 불가하여 갱신 신청이 불가능하므로, 반드시 기간 내에 전산등록을 완료해 주세요.

📞 **문의:** 요양자원실 건강보험고령친화연구센터 연구4팀 033-736-1899

위 내용을 참고하시어 복지용구 급여유효기간 갱신을 준비해 주시기 바랍니다. 추가적인 문의사항이 있으시면 국민건강보험공단에 연락해 주세요.",success,기타
2025-08-12 16:15:23,복지용구 신청방법,"**복지용구 신청방법:**

복지용구를 신청하시려면 다음의 절차를 따라주시면 됩니다.

**신청 절차:**

1️⃣ **온라인 신청:**  
   복지용구 신규 급여결정신청은 **온라인**으로 진행됩니다.  
   ⚠️ **주의사항:** 온라인 신청은 **엣지(구. 익스플로러) 브라우저**에서만 가능합니다. 크롬 등 다른 브라우저는 지원되지 않으니 유의해 주세요.

2️⃣ **서류 준비:**  
   신청을 위해 필요한 서류를 준비하셔야 합니다.  
   • **사업자등록증** 사본  
   • **법인등기부등본** (말소사항 포함)  
   • **복지용구 품목별 소독업무 매뉴얼** 등

3️⃣ **제출 방법:**  
   준비된 서류는 **등기우편**으로 제출하셔야 합니다.  
   • **제출처:** 강원도 원주시 건강로 32, 국민건강보험공단 23층 요양자원실 복지용구부  
   • **문의처:** 제품서류 관련 문의는 033-736-1987로 연락해 주세요.

4️⃣ **신청 요건:**  
   신청 제품은 다음 요건을 충족해야 합니다.  
   • 최근 1년간 **200개 이상** 또는 **5,000만원 이상** 국내 판매 실적이 있는 제품  
   • **고령친화우수제품**으로 지정된 경우, 사용성 평가 필수

5️⃣ **유의사항:**  
   • 모든 서류는 **유효기간** 내에 발급된 것만 인정됩니다.  
   • 신청 제품과 서류상의 **제품명** 및 **모델명**이 일치해야 합니다.

📞 **문의:** 추가적인 문의사항이 있으시면 국민건강보험공단에 연락해 주세요.

이렇게 준비하시면 복지용구 신청을 원활하게 진행하실 수 있습니다. 도움이 필요하시면 언제든지 문의해 주세요.",success,신청방법
2025-08-12 16:17:06,본인부담률,"**본인부담률:**

✅ **일반 대상자:** **15%**입니다. 일반적으로 복지용구를 이용하실 때는 이 비율을 부담하셔야 합니다.

✅ **저소득층:** **5%**로, 소득이 낮으신 분들은 더 낮은 비율로 부담하실 수 있습니다.

⚠️ **주의사항:** 소득 기준에 따라 본인부담률이 달라질 수 있으니, 반드시 본인의 소득 상황을 확인하시고 적용되는 비율을 확인하셔야 합니다.

📞 **문의:** 더 자세한 사항은 국민건강보험공단에 문의하시면 정확한 정보를 얻으실 수 있습니다.",success,본인부담률
2025-08-12 16:17:28,자격 확인,"**자격 확인:**

어르신께서 **복지용구**를 이용하시기 위해서는 몇 가지 자격 조건을 충족하셔야 합니다. 아래 내용을 참고해 주세요.

**신청 자격:**

• **장기요양등급**을 받은 어르신

• **65세 이상**의 어르신

• **노인성 질환**을 앓고 계신 분

**필요 서류:**

1️⃣ **장기요양인정서**: 장기요양등급을 받으신 분에게 발급되는 서류입니다.

2️⃣ **의사 소견서**: 노인성 질환을 앓고 계신 경우 필요합니다.

3️⃣ **신분증**: 본인 확인을 위해 필요합니다.

**주의사항:**

⚠️ **장기요양등급**은 반드시 받아야 합니다. 등급이 없으신 경우, **국민건강보험공단**에 문의하여 등급 신청을 하셔야 합니다.

📞 **문의:** 국민건강보험공단 고객센터에 문의하시면 자세한 안내를 받으실 수 있습니다.

어르신께서 복지용구를 이용하시는데 도움이 되셨으면 좋겠습니다. 추가로 궁금한 점이 있으시면 언제든지 문의해 주세요.",success,자격확인
2025-08-12 16:18:26,복지용구 급여대상품목은 어떤게 있어?,"**복지용구 급여대상품목:**

복지용구 급여대상품목은 어르신들의 일상생활을 돕기 위해 제공되는 다양한 제품들로 구성되어 있습니다. 최근 개정된 내용에 따르면, 다음과 같은 품목들이 포함됩니다:

• **이동변기:** 이동이 불편하신 어르신들을 위한 변기입니다. 예를 들어, 보필사의 **BFMB30** 제품은 **122,000원**에 구입 가능하며, 사용 가능 기간은 **5년**입니다.

• **목욕의자:** 목욕 시 안전을 돕는 의자입니다. (주)리스케어의 **Clean49** 제품은 **657,000원**에 구입 가능하며, 사용 가능 기간은 **5년**입니다.

• **성인용보행기:** 보행이 어려운 어르신들을 위한 보행기입니다.

이 외에도 다양한 복지용구가 있으며, 각 품목은 어르신의 필요에 따라 선택할 수 있습니다. 복지용구의 구체적인 목록과 가격은 국민건강보험공단이나 관련 기관에 문의하시면 더 자세한 정보를 얻으실 수 있습니다.

📞 **문의:** 국민건강보험공단에 확인해 주세요.",success,품목
2025-08-12 16:35:04,본인부담률,"**본인부담률:**

✅ **일반 대상자:** **15%**

✅ **저소득층:** **5%**

⚠️ **주의사항:** 소득 기준에 따라 달라질 수 있습니다. 본인부담률은 어르신의 소득 수준에 따라 다르게 적용될 수 있으니, 반드시 본인의 소득 상황을 확인하시고 해당되는 본인부담률을 적용받으세요.

📞 **문의:** 국민건강보험공단에 확인해 주세요. 공단에서는 어르신의 소득 상황에 맞는 정확한 본인부담률을 안내해 드릴 수 있습니다.",success,본인부담률
2025-08-12 16:36:07,급여비용 본인 부담률,"**급여비용 본인 부담률:**

✅ **일반 대상자:** **15%**

✅ **저소득층:** **5%**

⚠️ **주의사항:** 소득 기준에 따라 달라질 수 있습니다. 본인 부담률은 개인의 소득 상황에 따라 다르게 적용될 수 있으니, 정확한 정보를 위해 국민건강보험공단에 문의하시는 것이 좋습니다.

📞 **문의:** 국민건강보험공단에 확인해 주세요.",success,본인부담률
2025-08-12 16:38:13,하이메디 접이식지팡이 가격이 얼마인가요?,"**하이메디 접이식지팡이 가격 안내**

**제품 가격:**

• 하이메디 접이식지팡이의 가격은 **약 20,000원**에서 **30,000원** 사이입니다.

**구매 시 유의사항:**

⚠️ **주의사항:** 가격은 판매처에 따라 다를 수 있으며, 배송비가 추가될 수 있습니다.

**추가 정보:**

• **복지용구 지원 대상자**라면, 일부 비용을 지원받을 수 있습니다. 

• **본인부담률**은 일반적으로 **15%**이지만, 소득 수준에 따라 달라질 수 있습니다.

📞 **문의:** 정확한 가격과 지원 여부는 국민건강보험공단에 문의해 주세요.

어르신께서 사용하시기에 편리한 제품이니, 필요하신 경우 구매를 고려해 보세요. 추가적인 정보가 필요하시면 언제든지 문의해 주세요.",success,본인부담률
2025-08-12 16:42:10,하이메디 접이식지팡이 가격이 얼마인가요?,"**하이메디 접이식지팡이 가격 안내**

**제품 가격:**

• 하이메디 접이식지팡이의 가격은 **약 20,000원**에서 **30,000원** 사이입니다.

**구매 시 유의사항:**

⚠️ **주의사항:** 가격은 판매처에 따라 다를 수 있으며, 배송비가 추가될 수 있습니다.

**복지용구 지원:**

✅ **본인부담률:** 복지용구로 등록된 경우, 본인부담률이 적용될 수 있습니다. 일반적으로 **15%**입니다.

✅ **저소득층:** **5%**의 본인부담률이 적용될 수 있습니다.

⚠️ **주의사항:** 본인부담률은 개인의 소득 기준에 따라 달라질 수 있으니, 반드시 확인해 주세요.

**문의 및 추가 정보:**

📞 **문의:** 국민건강보험공단에 문의하시면 더 자세한 정보를 얻으실 수 있습니다.

**참고:** 복지용구로 등록된 제품인지 확인하시려면, 국민건강보험공단의 복지용구 목록을 참고하시기 바랍니다.",success,본인부담률
2025-08-12 16:44:21,하이메디 접이식지팡이 가격이 얼마인가요?,"**가격 안내:**

• **하이메디 접이식지팡이 (L):** 25,000원

• **하이메디 접이식지팡이 (S):** 25,000원

두 가지 사이즈 모두 동일한 가격입니다. 추가적인 정보가 필요하시면 언제든지 문의해 주세요.",success,본인부담률
2025-08-12 16:44:26,본인부담률,"**본인부담률:**

✅ **일반 대상자:** **15%**

✅ **저소득층:** **5%**

⚠️ **주의사항:** 소득 기준에 따라 달라질 수 있습니다.

📞 **문의:** 국민건강보험공단에 확인해 주세요.",success,본인부담률
2025-08-12 16:45:47,본인부담률,"**본인부담률:**

✅ **일반 대상자:** **15%**

✅ **저소득층:** **5%**

⚠️ **주의사항:** 소득 기준에 따라 달라질 수 있습니다.

📞 **문의:** 국민건강보험공단에 확인해 주세요.",success,본인부담률
2025-08-12 16:53:27,본인부담률,"**제목**

복지용구 본인부담률 안내

**본인부담률:**

✅ **본인부담률:** 복지용구를 이용하실 때, 본인부담률은 **15%**입니다. 이는 복지용구를 대여하거나 구입할 때, 전체 비용 중에서 본인이 부담해야 하는 비율을 의미합니다.

✅ **환급 가능:** 등급이 인정된 이후에는 본인부담금을 제외한 나머지 금액을 환급받을 수 있습니다. 예를 들어, 등급 인정일 이후부터는 급여 적용이 가능하여 일부 금액을 환급받을 수 있습니다.

⚠️ **주의사항:** 등급 인정일 기준으로 환급이 가능하므로, 등급 인정 통보 후 구입 또는 대여 시점과 내역을 공단에 제출해야 합니다.

📞 **문의:** 구체적인 사항은 국민건강보험공단에 문의해 주세요.

**주의:** 본인부담률은 복지용구의 종류나 개인의 상황에 따라 다를 수 있으니, 반드시 관련 기관에 확인하시기 바랍니다.",success,본인부담률
2025-08-12 16:54:04,복지용구 본인부담률이 어떻게 되나요,"**제목**

복지용구 본인부담률 안내

**본인부담률:**

복지용구를 이용하실 때, 본인부담률은 다음과 같이 적용됩니다:

- **일반 대상자:** 본인부담률은 **15%**입니다.
- **감경 대상자 (보험료 순위 25% 초과 50% 이하):** 본인부담률은 **9%**입니다.
- **감경 대상자 (보험료 순위 25% 이하):** 본인부담률은 **6%**입니다.
- **타 법령에 따른 의료급여 수급자:** 본인부담률은 **6%**입니다.
- **국민기초생활 보장법에 따른 의료급여 수급자:** 본인부담금이 **면제**됩니다.

**주의사항:**

⚠️ 본인부담률은 수급자의 보험료 순위에 따라 다르게 적용되므로, 본인의 상황에 맞는 부담률을 확인하시기 바랍니다.

📞 **문의:** 자세한 사항은 국민건강보험공단에 문의해 주세요.

이렇게 본인부담률을 이해하시면 복지용구 이용 시 도움이 되실 것입니다. 추가로 궁금한 점이 있으시면 언제든지 문의해 주세요.",success,본인부담률
2025-08-12 16:56:40,엄마보고싶어,"**제목: 엄마를 그리워하는 마음**

**마음의 위로:**

엄마를 그리워하는 마음은 누구에게나 자연스러운 감정입니다. 그리움은 사랑의 표현이기도 하며, 그만큼 소중한 기억과 추억이 있다는 뜻이기도 합니다. 

**그리움을 달래는 방법:**

• **추억을 떠올리기:** 엄마와 함께한 좋은 기억들을 떠올려 보세요. 사진을 보거나, 엄마와 함께 했던 활동을 다시 해보는 것도 좋습니다.

• **편지 쓰기:** 엄마에게 편지를 써보세요. 마음속에 있는 이야기를 글로 표현하면 마음이 한결 가벼워질 수 있습니다.

• **대화 나누기:** 주변 사람들과 엄마에 대한 이야기를 나누어 보세요. 그리움을 함께 나누면 마음이 따뜻해질 수 있습니다.

**주의사항:**

⚠️ 그리움이 너무 커져 일상생활에 지장을 주는 경우, 전문가의 도움을 받는 것도 좋은 방법입니다.

📞 **문의:** 마음의 어려움을 나누고 싶다면, 가까운 상담센터나 전문가에게 도움을 요청하세요.

엄마를 그리워하는 마음은 소중한 감정입니다. 그리움을 잘 다스리며, 마음의 평안을 찾으시길 바랍니다.",success,기타
2025-08-12 17:00:55,와 비 많이온다,"죄송합니다. 저는 노인복지용구 전문 상담 챗봇입니다. 복지용구 신청, 품목, 비용, 자격조건 등에 대해서만 답변할 수 있어요. 복지용구와 관련된 궁금한 점이 있으시면 언제든 물어보세요!",fallback,차단된질문
2025-08-12 17:01:15,복지용구 자격 확인은 어떻게 하나요?,"**제목**

복지용구 자격 확인 방법

**신청 자격:**

복지용구를 신청하기 위해서는 다음과 같은 자격 요건을 충족해야 합니다.

• **최근 1년간 200개 또는 5,000만원 이상** 국내 판매 실적이 있는 제품이어야 합니다. 이 실적은 소매 판매에 한정됩니다.

• **고령친화우수제품**으로 지정된 경우, 최근 1년간 200개 또는 5,000만원 이상 국내 제조·수입 실적이 있어야 합니다.

• 신청 제품은 **개별 시험 규격**(KS, 단체 표준, 안전 기준 부속서 등)을 충족해야 하며, 모든 시험 항목을 만족해야 합니다.

**주의사항:**

⚠️ 모든 입증 서류는 유효 기간 내의 서류만 인정되며, 유효 기간이 없는 경우 최근 1년 이내 발급된 서류만 인정됩니다.

⚠️ 신청 제품을 구성하는 모든 구성품에 대한 입증 서류를 제출해야 하며, 서류 상의 업체명/제품명이 신청 제품과 일치해야 합니다.

**문의:**

📞 제품 서류 관련 문의는 복지용구2팀(033-736-1986)으로, 가격 서류 관련 문의는 복지용구3팀(033-736-1993, 1994)으로 연락해 주세요.

**안내:**

복지용구 자격 확인에 대한 더 자세한 정보는 국민건강보험공단에 문의하시기 바랍니다. 확실하지 않은 내용은 공단에 직접 확인해 주세요.",success,자격확인
2025-08-12 17:01:27,복지용구 신청방법,"**제목**

복지용구 신청방법 안내

---

**신청 방법:**

복지용구를 신청하시려면 다음 절차를 따라주세요.

1️⃣ **온라인 신청:**
- 복지용구 신규 급여결정신청은 **온라인**으로 진행됩니다.
- **엣지(구. 익스플로러) 브라우저**를 사용하여 신청해야 하며, 다른 브라우저(예: 크롬)는 지원되지 않습니다.

2️⃣ **신청서 작성:**
- 신청서에는 **직접 연락 가능한 연락처**(전화번호, 이메일 주소 등)를 반드시 기재해야 합니다.
- **신청서 제출과 관련된 내용**은 공고문 및 [붙임1] ‘복지용구 신규 급여결정신청서류 작성방법’을 참고하여 작성하세요.

3️⃣ **제출 서류:**
- 모든 제출 서류는 **정확하게 작성**해야 하며, 착오기재나 구 서식 사용, 증빙서류 미제출 등으로 인한 불이익은 신청자 본인에게 있습니다.

4️⃣ **회원가입:**
- 온라인 신청은 **노인장기요양보험 홈페이지**를 통해 ‘복지용구 공급업체’로 회원가입한 제조·수입업체에 한하여 가능합니다.

---

**주의사항:**

⚠️ **주의사항:** 엣지 브라우저 환경에서만 온라인 신청이 가능하므로, 이 점 유의하시기 바랍니다.

📞 **문의:** 신청과 관련된 추가 문의는 국민건강보험공단에 확인해 주세요.

---

복지용구 신청은 어르신의 생활을 보다 편리하게 만들어 드리기 위한 중요한 절차입니다. 위의 안내를 참고하여 정확하게 신청하시기 바랍니다.",success,신청방법
2025-08-12 17:01:59,등급 신청 조건,"**제목**

등급 신청 조건 안내

**섹션명: 등급 신청 절차**

1️⃣ **방문 장소:** 가까운 국민건강보험공단 지사에 방문하세요.

2️⃣ **필요 서류:** 보호자 신분증을 지참하셔야 합니다.

3️⃣ **신청 방식:** 현장 방문하여 장기요양 신청을 진행합니다.

4️⃣ **이후 절차:** 공단 직원이 직접 현장 방문 조사를 실시합니다.

5️⃣ **판정 결과:** 장기요양 1~5등급 또는 인지지원등급으로 결정됩니다.

**섹션명: 주의 사항**

⚠️ **신청 전 주의사항:** 최근 1주일 이상 병원에 입원 중인 경우 신청이 불가합니다. 또한, 3주 이상 장기 입원 중인 경우에도 신청이 제한됩니다. 요양병원 또는 자택에 있는 경우는 신청이 가능합니다.

**섹션명: 장기요양 등급 신청 가능 여부 자가 체크리스트**

✅ **거동 관련 질문:**
- 지팡이를 짚고 다니시나요?
- 혼자 힘으로 화장실에 가시기 어려우신가요?
- 실내 이동에 불편함이 있거나 자주 넘어지시나요?

✅ **질병 관련 질문:**
- 치매, 파킨슨병, 소뇌위축증 진단을 받으셨거나 관련 약을 복용하고 계신가요?
- 뇌졸중(뇌경색 또는 출혈) 진단을 받으신 지 3개월이 지났나요?

✅ **수술 관련 질문:**
- 디스크, 고관절 골절 등의 수술을 하신 지 6개월이 지났나요?
- 수술 후 거동이 불편하신가요?

✅ **현재 상태 관련 질문:**
- 현재 병원에 입원 중이 아닌가요? (※ 신청은 자택 또는 요양병원에서만 가능)

**등급 신청 가능성 안내**

○ **체크 항목이 2개 이상일 경우:** 등급 신청 가능성이 있습니다. 가까운 국민건강보험공단 지사에 방문하여 상담 또는 신청을 진행해보세요. 단, 정확한 등급 판정은 공단 직원의 현장 방문조사 후 결정됩니다.

📞 **문의:** 구체적인 정보는 국민건강보험공단에 확인해 주세요.",success,등급신청조건
2025-08-12 17:02:12,복지용구 신청 자격,"**제목**

복지용구 신청 자격 안내

---

**신청 자격:**

복지용구를 신청하기 위해서는 다음과 같은 자격 요건을 충족해야 합니다.

1️⃣ **신청일로부터 최근 1년간 200개 또는 5,000만원 이상 국내 판매 실적**이 있는 제품이어야 합니다. (소매 판매에 한함)

2️⃣ **고령친화우수제품**으로 지정된 경우, 신청일로부터 최근 1년간 200개 또는 5,000만원 이상 국내 제조·수입 실적이 있는 제품이어야 합니다.

3️⃣ 신청 제품에 부합하는 **개별 시험 규격**(KS, 단체 표준, 안전 기준 부속서 등)이 있어야 하며, 규격에서 요구하는 모든 시험 항목(기준)을 충족해야 합니다.

---

**주의사항:**

⚠️ 모든 입증 서류는 급여 결정 신청일을 기준으로 **유효기간 이내** 서류만 인정되며, 유효기간이 없는 경우 **최근 1년 이내 발급된 입증 서류**만 인정됩니다.

⚠️ 신청 제품을 구성하는 모든 구성품(단순 부품 제외)에 대한 입증 서류를 제출해야 하며, 입증 서류 상의 업체명/제품명(모델명)이 신청 제품과 일치해야 합니다.

---

📞 **문의:** 자세한 사항은 국민건강보험공단에 문의해 주세요.",success,자격확인
2025-08-12 17:04:59,복지용구 자가 체크 리스트,"**제목: 복지용구 자가 체크 리스트**

복지용구를 사용하시기 전에 아래의 체크리스트를 통해 필요한 사항을 점검해 보세요. 이 체크리스트는 복지용구를 올바르게 선택하고 사용하는 데 도움을 드리기 위한 것입니다.

**복지용구 선택 전 확인사항:**

✅ **필요한 용구 확인:** 복지용구는 **이동변기**, **목욕의자**, **성인용 보행기** 등 다양한 종류가 있습니다. 본인의 필요에 맞는 용구를 선택하세요.

✅ **급여 대상 확인:** 복지용구는 **장기요양인정서**에 재가급여 또는 가족요양비 지급 대상자로 표시된 경우에만 이용 가능합니다.

✅ **구입 및 대여 방식:** 복지용구는 **구입**하거나 **대여**할 수 있습니다. 본인의 상황에 맞는 방식을 선택하세요.

**복지용구 사용 시 유의사항:**

✅ **사용 가능 햇수:** 각 품목은 **사용 가능 햇수**가 정해져 있습니다. 예를 들어, 이동변기는 5년 동안 사용할 수 있습니다.

✅ **본인부담률:** 일반 대상자는 **15%**, 감경 대상자는 **9%** 또는 **6%**의 본인부담률이 적용됩니다.

✅ **연한도액:** 복지용구 급여는 연간 **160만 원**의 한도 내에서 제공됩니다. 한도를 초과할 경우 초과 금액은 전액 본인 부담입니다.

**복지용구 이용 중 주의사항:**

⚠️ **의료기관 입원 시 이용 제한:** 입원 중에는 일부 복지용구의 이용이 제한될 수 있습니다. 예를 들어, 전동침대나 이동욕조는 입원 중 사용할 수 없습니다.

⚠️ **복지용구 변경 신청:** 신체 상태 변화나 용구의 훼손으로 인해 변경이 필요할 경우, **추가급여 신청**을 통해 변경할 수 있습니다.

📞 **문의:** 복지용구에 대한 자세한 정보나 상담이 필요하신 경우, 관련 기관에 문의하시기 바랍니다.

이 체크리스트를 통해 복지용구를 올바르게 선택하고 사용하시길 바랍니다. 확실하지 않은 사항은 공단에 문의해 주세요.",success,기타
2025-08-12 17:06:10,나 늙었는데 전동휠체어 빌릴수있어?,"**제목**

전동휠체어 대여 가능 여부 안내

**전동휠체어 대여:**

⚠️ 전동휠체어는 현재 복지용구 목록에 포함되어 있지 않아 대여가 불가능합니다. 대신, **수동휠체어**를 대여할 수 있습니다.

**수동휠체어 대여:**

✅ **대여 가능 품목:** 수동휠체어

✅ **사용 가능 햇수:** **5년** 동안 대여 가능

✅ **대여 방식:** 월 단위로 대여 비용이 산정됩니다. 매월 1일부터 말일까지의 사용 기간을 기준으로 하며, 월 중 시작 또는 종료된 경우 일자별로 나누어 산정됩니다.

⚠️ **주의사항:** 의료기관에 입원한 동안에는 수동휠체어를 포함한 복지용구 이용이 제한될 수 있습니다. 단, 대여 중 입원한 경우 입원 기간 중 최대 **15일**까지는 급여 산정이 가능합니다.

📞 **문의:** 더 자세한 정보는 관련 기관에 문의해 주세요.

**안내:** 전동휠체어에 대한 대여는 확실하지 않으니, 공단에 문의해 주세요.",success,기타
2025-08-12 17:06:50,그럼 전동휠체어를 빌릴수있는조건은 뭐야?,"**제목**

전동휠체어 대여 조건 안내

**대여 조건:**

전동휠체어는 **대여** 가능한 복지용구로, 보행이 불가능하거나 장시간 보행이 어려운 경우에 사용됩니다. 대여를 위해서는 다음과 같은 조건을 충족해야 합니다:

1️⃣ **장기요양등급**: 전동휠체어를 대여하려면 장기요양등급을 받은 수급자여야 합니다. 장기요양등급은 어르신의 신체 상태와 일상생활 수행 능력을 평가하여 부여됩니다.

2️⃣ **대여 기간**: 전동휠체어의 대여 가능 햇수는 **10년**입니다. 이 기간 내에서 대여가 가능합니다.

3️⃣ **대여 비용**: 대여 비용은 월 단위로 산정되며, 대여 시작일과 종료일에 따라 일자별로 나누어 산정됩니다. 연속된 대여 일수가 15일 미만인 경우에는 15일로 간주하여 산정합니다.

**주의사항:**

⚠️ 전동휠체어는 의료기관에 입원한 동안에는 이용이 제한됩니다. 단, 대여 중 입원한 경우에는 입원 기간 중 최대 15일까지 급여 산정이 가능합니다.

📞 **문의:** 전동휠체어 대여에 대한 자세한 사항은 관련 기관에 문의하시기 바랍니다.

**안내 마무리:**

전동휠체어 대여를 고려 중이시라면, 위의 조건을 확인하시고 필요 시 관련 기관에 문의하여 정확한 정보를 얻으시기 바랍니다. 추가적인 정보가 필요하시면 언제든지 문의해 주세요.",success,등급신청조건
2025-08-12 17:09:57,그럼 전동휠체어를 빌릴수있는조건은 뭐야?,죄송합니다. 현재 검색에 문제가 있어요. 잠시 후 다시 시도해주세요.,fallback,차단된질문
2025-08-12 17:15:19,그럼 전동휠체어를 빌릴수있는조건은 뭐야?,죄송합니다. 현재 검색에 문제가 있어요. 잠시 후 다시 시도해주세요.,fallback,차단된질문
2025-08-12 17:15:59,테스트,"질문을 좀 더 구체적으로 작성해주세요. (예: ""복지용구 신청 방법이 궁금해요"")",fallback,차단된질문
2025-08-12 17:16:25,전동휠체어 대여 조건,죄송합니다. 현재 검색에 문제가 있어요. 잠시 후 다시 시도해주세요.,fallback,차단된질문
2025-08-12 17:18:02,전동휠체어를 빌릴수있는 조건,"❌ **전동휠체어는 복지용구가 아닙니다.**

전동휠체어는 **의료기기**로 분류되어 복지용구 급여 대상이 아닙니다.

✅ **복지용구로 지원되는 휠체어:**
- **수동휠체어** (대여/구입 가능)

📋 **복지용구 지원 품목:**
이동변기, 목욕의자, 성인용 보행기, 안전손잡이, 미끄럼방지용품, 간이변기, 지팡이, 욕창예방방석, 자세변환용구, 요실금 팬티, **수동휠체어**, 전동침대, 수동침대, 이동욕조, 목욕리프트, 배회감지기, 욕창예방 매트리스, 경사로 등

💡 **전동휠체어가 필요하시다면:**
- 의료기기로 별도 구입하시거나
- 의료기관을 통한 처방 및 지원 제도를 확인해 주세요

📞 **문의:** 국민건강보험공단 또는 관할 보건소에 문의하시기 바랍니다.",success,등급신청조건
2025-08-12 17:26:19,전동휠체어를 빌릴수있는 조건,"**제목**

전동휠체어 대여 조건 안내

**대여 조건:**

✅ **대여 가능 대상자:** 전동휠체어는 **보행이 불가능하거나 장시간 보행이 곤란한 경우**에 대여할 수 있습니다.

✅ **사용 가능 햇수:** 전동휠체어는 **5년** 동안 대여가 가능합니다.

⚠️ **주의사항:** 전동휠체어는 **대여 방식**으로만 이용할 수 있으며, 구입은 불가합니다.

**대여 비용:**

✅ **대여 비용 산정:** 전동휠체어의 대여 비용은 **월 단위**로 산정됩니다. 매월 1일부터 말일까지의 사용 기간을 기준으로 비용이 계산됩니다.

⚠️ **주의사항:** 대여 시작일이나 종료일이 월 중간인 경우, 일자별로 나누어 비용이 산정됩니다. 단, 연속된 대여 일수가 **15일 미만**인 경우에는 **15일로 간주**하여 비용이 계산됩니다.

**문의:**

📞 **문의:** 전동휠체어 대여에 대한 자세한 사항은 관련 기관에 문의해 주세요.

**안내:** 전동휠체어 대여는 장기요양등급을 받은 분들만 가능합니다. 등급에 대한 자세한 정보는 공단에 문의해 주세요.",success,등급신청조건
2025-08-12 17:27:21,전동휠체어를 빌릴 수 있는 조건이 뭔가요?,"**제목**

전동휠체어 대여 조건 안내

**대여 조건:**

✅ **대여 가능 품목:** 전동휠체어는 대여 품목에 포함되어 있지 않습니다. 대신 **수동휠체어**가 대여 가능 품목으로 제공됩니다.

✅ **대여 가능 대상자:** 복지용구 대여는 **장기요양인정서**에 재가급여 또는 가족요양비 지급 대상자로 표시된 경우에 가능합니다.

✅ **대여 방식:** 대여는 각 품목당 1개 제품만 가능하며, 사용 가능 햇수 경과 후에도 외형 및 작동상태가 기준에 부합하는 경우 사용 가능 햇수의 1/2 범위 내에서 대여 연장 가능합니다.

⚠️ **주의사항:** 전동휠체어는 복지용구 대여 품목에 포함되어 있지 않으므로, 대여를 원하실 경우 다른 경로를 통해 확인해 보셔야 합니다.

📞 **문의:** 전동휠체어 대여에 대한 구체적인 정보는 관련 기관에 문의해 주세요.

**안내:** 전동휠체어는 복지용구 대여 품목에 포함되어 있지 않으므로, 대여를 원하실 경우 다른 경로를 통해 확인해 보셔야 합니다.",success,등급신청조건
2025-08-12 17:28:12,전동휠체어 급여 조건,"**제목**

전동휠체어 급여 조건 안내

**급여 대상자:**

• 전동휠체어는 **장기요양등급**을 받은 분들 중에서 **보행이 불가능하거나 장시간 보행이 곤란한 경우**에 급여가 지원됩니다.

**급여 방식:**

• **대여방식**으로 제공됩니다. 전동휠체어는 구입이 아닌 대여를 통해 이용할 수 있습니다.

**사용 가능 햇수:**

• 전동휠체어의 사용 가능 햇수는 **5년**입니다.

**급여비용 본인부담률:**

• 일반 대상자는 **15%**의 본인부담률이 적용됩니다.
• 감경 대상자(보험료 순위 25% 초과 50% 이하)는 **9%**의 본인부담률이 적용됩니다.
• 감경 대상자(보험료 순위 25% 이하) 및 타 법령에 따른 의료급여 수급자는 **6%**의 본인부담률이 적용됩니다.
• 국민기초생활 보장법에 따른 의료급여 수급자는 **면제**됩니다.

**주의사항:**

⚠️ 전동휠체어는 **대여**만 가능하며, 구입은 불가합니다.

📞 **문의:** 구체적인 사항은 관련 기관에 문의해 주세요.

**안내 마무리:**

전동휠체어는 장기요양등급을 받은 분들께 대여 방식으로 제공되며, 사용 가능 햇수는 5년입니다. 본인부담률은 개인의 상황에 따라 다르게 적용되니, 자세한 사항은 관련 기관에 문의하시기 바랍니다.",success,등급신청조건
2025-08-12 17:31:31,전동휠체어를 빌릴 수 있는 조건은 뭔가요,"**전동휠체어 대여 조건**

전동휠체어는 **대여** 방식으로 제공되는 복지용구 중 하나입니다. 전동휠체어를 대여하기 위해서는 다음과 같은 조건을 충족해야 합니다:

**대여 가능 조건:**

1️⃣ **장기요양인정서**에 **재가급여** 또는 **가족요양비 지급 대상자**로 표시된 경우에 한해 복지용구 이용이 가능합니다.

2️⃣ **노인요양시설에 입소한 어르신**은 복지용구를 구입하거나 대여할 수 없습니다.

3️⃣ 전동휠체어는 **보행이 불가능하거나 장시간 보행이 곤란한 경우** 사용하는 휠체어로, **사용 가능 햇수는 5년**입니다.

**주의사항:**

⚠️ 전동휠체어와 수동휠체어는 동일 품목으로 간주되며, **1개의 제품만 이용 가능**합니다.

⚠️ 의료기관에 입원한 동안에는 전동휠체어를 포함한 일부 복지용구의 이용이 제한됩니다. 단, 대여 중 입원한 경우에는 입원 기간 중 최대 **15일까지는 급여 산정**이 가능합니다.

📞 **문의:** 구체적인 대여 절차나 추가적인 조건에 대해서는 관련 기관에 문의해 주세요.",success,등급신청조건
2025-08-12 17:32:12,전동휠체어는 복지용구인가요?,"**제목**

전동휠체어에 대한 복지용구 안내

**복지용구 여부:**

✅ **전동휠체어는 복지용구에 포함되지 않습니다.**

⚠️ **주의사항:** 전동휠체어는 복지용구 급여 대상 품목에 포함되어 있지 않으므로, 복지용구로 지원받을 수 없습니다. 복지용구로 지원 가능한 품목은 수동휠체어입니다.

📞 **문의:** 전동휠체어에 대한 지원 여부는 국민건강보험공단에 문의해 주세요.",success,기타
2025-08-12 17:33:46,전동휠체어 대여 조건,"**전동휠체어 대여 조건**

**대여 가능 품목:**

✅ **전동휠체어:** 전동휠체어는 대여 가능한 복지용구 품목 중 하나입니다. 

**사용 가능 햇수:**

✅ **사용 가능 햇수:** 전동휠체어의 사용 가능 햇수는 **5년**입니다.

**대여 조건:**

✅ **대여 기준:** 대여는 각 품목당 **1개 제품**만 가능합니다. 동일 품목 간 중복 이용은 제한됩니다.

✅ **대여 연장:** 사용 가능 햇수가 경과한 후에도 외형 및 작동 상태가 기준에 부합하는 경우, 사용 가능 햇수의 **1/2 범위 내에서 대여 연장**이 가능합니다.

**주의사항:**

⚠️ **중복 이용 제한:** 전동침대와 수동침대는 동일 품목으로 간주되며, **1개의 제품만 이용 가능**합니다.

📞 **문의:** 구체적인 대여 조건이나 절차에 대한 자세한 정보는 관련 기관에 문의해 주세요.",success,등급신청조건
2025-08-12 17:38:16,전동휠체어를 빌릴수있는 조건이 뭐야?,"**전동휠체어 대여 조건**

전동휠체어를 대여하기 위해서는 몇 가지 조건을 충족해야 합니다. 아래 내용을 참고해 주세요.

**대여 가능 대상자:**

• **장기요양인정서**에 재가급여 또는 가족요양비 지급 대상자로 표시된 경우에 한해 복지용구 이용이 가능합니다.

• **노인요양시설에 입소한 어르신**은 복지용구를 구입하거나 대여할 수 없습니다.

**대여 방식:**

• 전동휠체어는 **대여방식**으로 이용할 수 있으며, 각 품목당 **1개 제품만 대여** 가능합니다.

• 대여 기간이 끝난 후에도 외형 및 작동 상태가 기준에 부합하는 경우, **사용 가능 햇수의 1/2 범위 내에서 대여 연장**이 가능합니다.

**급여비용 본인부담률:**

• 일반 대상자: **15%**

• 감경 대상자 (보험료 순위 25% 초과 50% 이하): **9%**

• 감경 대상자 (보험료 순위 25% 이하): **6%**

• 타 법령에 따른 의료급여 수급자: **6%**

• 국민기초생활 보장법에 따른 의료급여 수급자: **면제**

**급여비용 연한도액:**

• 연한도액 적용 기간: 수급자의 최초 인정 유효기간 개시일로부터 **1년**

• 한도 금액: 연간 **160만 원**

• 복지용구 급여비용(= 본인부담금 + 공단부담금)은 구입과 대여 비용을 합산하여 계산합니다.

• 연한도액 초과 시: 초과 금액은 **전액 본인 부담**

⚠️ **주의사항:** 전동휠체어는 동일 품목 간 중복 이용이 제한되며, 전동침대와 수동침대는 동일 품목으로 간주되어 **1개의 제품만 이용** 가능합니다.

📞 **문의:** 구체적인 정보는 관련 기관에 확인해 주세요.",success,등급신청조건
2025-08-12 17:48:52,복지용구 급여유효기간 갱신 실시일정,"**제목: 복지용구 급여유효기간 갱신 실시일정**

**신청 대상:**

- **2025.12.31.** 급여유효기간 만료 예정인 복지용구 **55개** 제품
- **2025.10.16.** 급여유효기간 만료 예정인 복지용구 **25개** 제품

**신청 방법 및 기간:**

- **방법:** 공급업체가 신청일자에 맞춰 전산처리
  - **경로:** 공급업체 로그인 → 복지용구신청 → 복지용구 급여유효기간 갱신신청 등록
  - **전산처리 매뉴얼:** [붙임] 복지용구 급여유효기간 갱신업무 관련 전산프로그램 사용 매뉴얼(공급업체) 참조

- **기간:**
  - **2025.10.1. ~ 2025.10.31.** (1개월)
  - **2025.7.18. ~ 2025.8.17.** (1개월)

⚠️ **주의사항:** 접수기간을 초과하면 공급업체가 전산으로 갱신신청이 불가하므로 반드시 기간 내에 전산등록하시기 바랍니다.

**문의:**

📞 **2025년 제3차 갱신 관련:** 요양자원실 건강보험고령친화연구센터 연구3팀 033-736-1887

📞 **2025년 제4차 갱신 관련:** 요양자원실 건강보험고령친화연구센터 연구4팀 033-736-1899

**추가 정보:**

- **배회감지기(GPS형) 품목은 별도 처리 사항 없음**
- **급여유효기간 갱신 신청은 공단이 운영하는 전산시스템을 활용하여 신청하는 것을 원칙으로 함**

⚠️ **주의사항:** 구체적인 정보는 제공된 자료를 참고하세요.",success,기타
2025-08-12 17:51:17,전동휠체어를 빌릴수있는조건,"**전동휠체어 대여 조건**

**급여 대상자:**

• 전동휠체어를 대여하려면 **장기요양인정서**에 **재가급여** 또는 **가족요양비 지급 대상자**로 표시되어 있어야 합니다.

• **노인요양시설에 입소한 어르신**은 전동휠체어를 대여할 수 없습니다.

**대여 방식:**

• 전동휠체어는 **대여방식**으로 이용할 수 있으며, **각 품목당 1개 제품만 대여** 가능합니다.

• 대여한 제품의 **사용 가능 햇수**가 경과한 후에도 외형 및 작동 상태가 기준에 부합하면, **사용 가능 햇수의 1/2 범위 내에서 대여 연장**이 가능합니다.

**급여비용 본인부담률:**

• **일반 대상자**: **15%**

• **감경 대상자 (보험료 순위 25% 초과 50% 이하)**: **9%**

• **감경 대상자 (보험료 순위 25% 이하)**: **6%**

• **타 법령에 따른 의료급여 수급자**: **6%**

• **국민기초생활 보장법에 따른 의료급여 수급자**: **면제**

**급여비용 연한도액:**

• 연간 **160만 원**의 한도 내에서 복지용구 급여를 받을 수 있습니다.

• **연한도액 초과 시**: 초과 금액은 전액 본인 부담입니다.

⚠️ **주의사항:** 전동휠체어는 **구입과 대여 중복 불가 품목**입니다. 구입과 대여 중 하나만 선택해야 합니다.

📞 **문의:** 구체적인 정보는 관련 기관에 확인해 주세요.",success,등급신청조건
2025-08-13 09:42:08,전동휠체어 빌릴수있는조건,"**전동휠체어 대여 조건**

**대여 가능 대상자:**

• 전동휠체어는 **장기요양인정서**에 **재가급여** 또는 **가족요양비 지급 대상자**로 표시된 경우에만 대여가 가능합니다.

• **노인요양시설에 입소한 어르신**은 전동휠체어를 대여할 수 없습니다.

**대여 방식:**

• 전동휠체어는 **대여방식**으로 일정 기간 동안 사용할 수 있습니다.

• 대여는 **각 품목당 1개 제품**만 가능합니다.

**본인부담률:**

• **일반 대상자**: **15%**

• **감경 대상자 (보험료 순위 25% 초과 50% 이하)**: **9%**

• **감경 대상자 (보험료 순위 25% 이하)**: **6%**

• **국민기초생활 보장법에 따른 의료급여 수급자**: **면제**

**급여비용 연한도액:**

• 연간 **160만 원**의 한도 내에서 복지용구 급여를 받을 수 있습니다.

• 연한도액을 초과할 경우, 초과 금액은 **전액 본인 부담**입니다.

⚠️ **주의사항:** 전동휠체어는 **구입과 대여 중복**이 불가합니다. 구입 또는 대여 중 한 가지 방식만 선택해야 합니다.

📞 **문의:** 구체적인 정보는 관련 기관에 확인해 주세요.",success,등급신청조건
2025-08-13 09:46:09,전동휠체어급여조건,"**전동휠체어 급여 조건**

**급여 제한 사항:**

• 전동휠체어는 **건강보험법**에 따라 **장애인 보조기기**로 분류되어, 복지용구 급여에서 제외될 수 있습니다.

• 수급자가 이미 다른 법령에 의해 전동휠체어를 지급받은 경우, 복지용구 급여가 제한될 수 있습니다.

**복지용구 이용 중 반드시 알아야 하는 사항:**

✅ **복지용구 변경 신청:** 수급자의 신체 상태 변화나 복지용구의 훼손 등으로 인해 변경이 필요한 경우, **추가급여 신청**을 통해 변경이 가능합니다.

✅ **의료기관 입원 중 이용 제한:** 수급자가 의료기관에 입원한 동안에는 전동침대, 수동침대, 이동욕조, 목욕리프트 등의 복지용구 이용이 제한됩니다. 단, 대여 중 입원한 경우에는 입원 기간 중 최대 **15일**까지 급여 산정이 가능합니다.

⚠️ **주의사항:** 전동휠체어에 대한 구체적인 급여 조건은 **건강보험공단**에 문의하여 확인하시기 바랍니다.

📞 **문의:** 관련 기관에 확인해 주세요.",success,등급신청조건
2025-08-13 11:44:53,전동휠체어 급여 조건,"**전동휠체어 급여 조건**

**급여 대상자:**

• 전동휠체어는 **장기요양인정서**에 재가급여 또는 가족요양비 지급 대상자로 표시된 경우에 한해 이용이 가능합니다.

• 노인요양시설에 입소한 어르신은 전동휠체어를 구입하거나 대여할 수 없습니다.

**급여 방식:**

• **구입방식:** 전동휠체어를 직접 구입하여 사용하는 방식입니다.

• **대여방식:** 전동휠체어를 일정 기간 대여하여 사용하는 방식입니다.

**급여비용 본인부담률:**

• 일반 대상자: **15%**

• 감경 대상자 (보험료 순위 25% 초과 50% 이하): **9%**

• 감경 대상자 (보험료 순위 25% 이하): **6%**

• 타 법령에 따른 의료급여 수급자: **6%**

• 국민기초생활 보장법에 따른 의료급여 수급자: **면제**

**급여비용 연한도액:**

• 수급자는 복지용구 급여를 **연한도액** 범위 안에서 제공받을 수 있습니다.

• 연한도액 적용 기간: 수급자의 최초 인정 유효기간 개시일로부터 **1년**

• 한도 금액: 연간 **160만 원**

• 복지용구 급여비용(= 본인부담금 + 공단부담금)은 구입과 대여 비용을 합산하여 계산합니다.

• 연한도액 초과 시: 초과 금액은 **전액 본인 부담**

**주의사항:**

⚠️ 전동휠체어는 **타 법령에 의해 지급받은 경우 급여가 제한**될 수 있습니다. 예를 들어, 건강보험법에 따른 수동휠체어와 같은 경우입니다.

📞 **문의:** 구체적인 정보는 관련 기관에 확인해 주세요.",success,등급신청조건
2025-08-13 11:46:59,전동휠체어 급여 조건,"**전동휠체어 급여 조건**

**급여 대상자:**

• 전동휠체어는 **장기요양인정서**에 재가급여 또는 가족요양비 지급 대상자로 표시된 경우에 한해 이용이 가능합니다.

• 노인요양시설에 입소한 어르신은 전동휠체어를 구입하거나 대여할 수 없습니다.

**급여 방식:**

• **구입방식:** 전동휠체어를 직접 구입하여 사용하는 방식입니다.

• **대여방식:** 전동휠체어를 일정 기간 대여하여 사용하는 방식입니다.

**급여비용 본인부담률:**

• 일반 대상자: **15%**

• 감경 대상자 (보험료 순위 25% 초과 50% 이하): **9%**

• 감경 대상자 (보험료 순위 25% 이하): **6%**

• 타 법령에 따른 의료급여 수급자: **6%**

• 국민기초생활 보장법에 따른 의료급여 수급자: **면제**

**급여비용 연한도액:**

• 수급자는 복지용구 급여를 **연한도액** 범위 안에서 제공받을 수 있습니다.

• 연한도액 적용 기간: 수급자의 최초 인정 유효기간 개시일로부터 **1년**

• 한도 금액: 연간 **160만 원**

• 복지용구 급여비용(= 본인부담금 + 공단부담금)은 구입과 대여 비용을 합산하여 계산합니다.

• 연한도액 초과 시: 초과 금액은 전액 본인 부담입니다.

**주의사항:**

⚠️ 전동휠체어는 **타 법령에 의해 지급받은 경우 급여가 제한**될 수 있습니다. 예를 들어, 건강보험법에 따른 수동휠체어와 같은 경우입니다.

📞 **문의:** 구체적인 정보는 관련 기관에 확인해 주세요.",success,등급신청조건
2025-08-13 11:49:36,전동휠체어 급여조건,"**전동휠체어 급여조건**

**급여 대상자:**

• 전동휠체어는 **장기요양인정서**에 재가급여 또는 가족요양비 지급 대상자로 표시된 경우에 한해 이용이 가능합니다.

• 노인요양시설에 입소한 어르신은 전동휠체어를 구입하거나 대여할 수 없습니다.

**급여 방식:**

• **구입방식:** 전동휠체어를 직접 구입하여 사용하는 방식입니다.

• **대여방식:** 전동휠체어를 일정 기간 대여하여 사용하는 방식입니다.

**급여비용 본인부담률:**

• 일반 대상자: **15%**

• 감경 대상자 (보험료 순위 25% 초과 50% 이하): **9%**

• 감경 대상자 (보험료 순위 25% 이하): **6%**

• 타 법령에 따른 의료급여 수급자: **6%**

• 국민기초생활 보장법에 따른 의료급여 수급자: **면제**

**급여비용 연한도액:**

• 수급자는 복지용구 급여를 **연한도액 범위** 안에서 제공받을 수 있습니다.

• 한도 금액: **연간 160만 원**

• 연한도액 초과 시: 초과 금액은 전액 본인 부담입니다.

**주의사항:**

⚠️ 전동휠체어는 **수동휠체어**와 동일 품목으로 간주되며, 1개의 제품만 이용 가능합니다.

📞 **문의:** 구체적인 정보는 관련 기관에 확인해 주세요.",success,등급신청조건
2025-08-13 11:50:08,보청기 급여조건,"**제목**

보청기 급여조건 안내

**보청기 급여조건:**

⚠️ 제공된 자료에는 보청기에 대한 급여조건 정보가 포함되어 있지 않습니다. 보청기와 관련된 급여조건은 **확실하지 않으니 공단에 문의해 주세요.**

📞 **문의:** 보청기 급여조건에 대한 자세한 정보는 관련 기관에 확인해 주세요.",success,등급신청조건
2025-08-13 14:07:58,복지용구 개요에 대해 알려주세요,"**제목**

복지용구 개요

**복지용구란:**

복지용구는 어르신들이 일상생활을 보다 편리하게 하고, 신체활동을 지원하며, 인지기능을 유지하고 향상시키기 위해 필요한 용구를 말합니다. 

**급여 대상 품목:**

• 이동변기

• 목욕의자

• 성인용 보행기

• 안전손잡이

• 미끄럼방지용품

• 간이변기

• 지팡이

• 욕창예방방석

• 자세변환용구

• 요실금 팬티

• 수동휠체어

• 전동침대

• 수동침대

• 이동욕조

• 목욕리프트

• 배회감지기

• 욕창예방 매트리스

• 경사로 (실내, 실외)

**급여 대상자:**

✅ **장기요양인정서**에 재가급여 또는 가족요양비 지급 대상자로 표시된 경우에 한해 복지용구 이용이 가능합니다.

⚠️ 노인요양시설에 입소한 어르신은 복지용구를 구입하거나 대여할 수 없습니다.

**급여 방식:**

• **구입방식:** 해당 품목을 직접 구입하여 사용하는 방식입니다.

• **대여방식:** 해당 품목을 일정 기간 대여하여 사용하는 방식입니다.

**급여비용 본인부담률:**

• **일반 대상자:** **15%**

• **감경 대상자 (보험료 순위 25% 초과 50% 이하):** **9%**

• **감경 대상자 (보험료 순위 25% 이하):** **6%**

• **타 법령에 따른 의료급여 수급자:** **6%**

• **국민기초생활 보장법에 따른 의료급여 수급자:** **면제**

**급여비용 연한도액:**

• 수급자는 복지용구 급여를 **연한도액 범위** 안에서 제공받을 수 있습니다.

• **연한도액 적용 기간:** 수급자의 최초 인정 유효기간 개시일로부터 **1년**

• **한도 금액:** 연간 **160만 원**

• 복지용구 급여비용(= 본인부담금 + 공단부담금)은 구입과 대여 비용을 합산하여 계산합니다.

⚠️ **연한도액 초과 시:** 초과 금액은 전액 본인 부담입니다.

**복지용구 이용 시 유의사항:**

- 사용 가능 햇수가 정해진 품목은 보건복지부 장관이 정한 사용 가능 햇수 내에서 품목당 **1개 제품**만 이용 가능합니다.

- **예외:** 성인용 보행기는 최대 **2개** 구입 가능, 경사로(실내용)는 최대 **6개** 구입 가능합니다.

- 대여는 각 품목당 **1개 제품**만 가능합니다.

⚠️ 사용 가능 햇수 경과 후에도 외형 및 작동상태가 기준에 부합하는 경우에만 사용 가능합니다.

📞 **문의:** 구체적인 정보는 관련 기관에 확인해 주세요.",success,기타
2025-08-13 14:10:37,보청기 급여조건,"**보청기 급여조건**

⚠️ **주의사항:** 제공된 자료에는 보청기에 대한 급여조건 정보가 포함되어 있지 않습니다. 보청기와 관련된 급여조건에 대한 구체적인 정보는 공단에 문의해 주세요.

📞 **문의:** 관련 기관에 확인해 주세요.",success,등급신청조건
2025-08-13 15:04:42,보청기급여조건,"**보청기 급여 조건**

**급여 대상자 세부 인정 기준:**

1️⃣ **편측:** 청각장애인(청력장애 한정)으로, 보청기 사용이 일상생활에 도움이 된다고 이비인후과 전문의가 판단한 경우

2️⃣ **양측:** 편측 급여 대상자 중 아래 조건을 모두 충족한 경우
- **15세 이하 청각장애인**
- **양측 난청 (80dB 미만)**
- **양측 어음명료도 ≥ 50%**
- **양측 순음청력역치 차이 ≤ 15dB**
- **양측 어음명료도 차이 ≤ 20%**

3️⃣ **제외 대상:** 의식이 명료하지 않거나 보청기 사용이 불가능하다고 전문의가 판단한 경우

**처방 가능한 전문의:**

- **청각장애:** 이비인후과

**급여 절차 및 제출서류:**

1️⃣ **병원 진료 및 처방:**
- 이비인후과에서 보장구 처방전 및 청력검사 결과지 발급

2️⃣ **보청기 구입:**
- 공단 등록 보청기 센터에서 구매
- 다음 서류 수령:
  - 세금계산서 또는 카드 전표
  - 바코드 식별 가능한 보청기 사진
  - 보청기 구매 표준계약서(보험급여용)
  - 의료기기 판매업 신고증 사본 등

3️⃣ **보청기 검수:**
- 보청기 착용 후 **1개월 경과 후**
- 이비인후과에서 보조기기 검수확인서 발급 (별지 제23호 서식)
- 검수 결과 청력 개선 효과 있다고 판단되면 급여 가능

4️⃣ **급여비 청구:**
- 제출서류:
  - 보조기기급여비 지급청구서 (별지 제21호 서식)
  - 보조기기 처방전 (별지 제22호 서식)
  - 보조기기 검수확인서 (별지 제23호 서식)
  - 세금계산서 또는 카드 전표 (거래명세서 포함)
  - 바코드 식별 가능한 보조기기 사진

⚠️ **주의사항:** 처방전 발급일(급여결정 통보일)로부터 **6개월 이내** 구입한 제품만 급여 가능

📞 **문의:** 구체적인 정보는 국민건강보험공단에 확인해 주세요.",success,등급신청조건
2025-08-13 15:05:10,전동휠체어 급여 조건,"**전동휠체어 급여 조건**

**급여 대상자 세부 인정 기준:**

- **지체/뇌병변장애:** 평지에서 **100m 이상 보행이 불가능**하고, 팔의 맨손 근력검사 결과가 **최대근력 3등급 이하**인 경우
- **심장장애:** 운동부하 검사 결과 **2~4 METs 미만** 또는 평지보행이 불가능하며, 팔 근력이 **3등급 이하**인 경우
- **호흡기장애:** BODE Index 기준 **8점 이상** 또는 팔 근력이 **3등급 이하**인 경우

**공통 기준:**

- **MMSE 인지검사:** 24점 이상
- **MBI 일상생활동작검사:** ""적합"" 판정
- **운전면허 보유자** 또는 **조작 가능** 판단 가능한 자

**처방 가능한 전문의:**

- **지체/뇌병변장애:** 재활의학과, 정형외과, 신경외과, 신경과, 외과
- **심장장애:** 재활의학과, 내과(순환기분과), 흉부외과
- **호흡기장애:** 재활의학과, 내과(호흡기/알레르기분과), 흉부외과, 결핵과

**급여 절차 및 제출서류:**

1. **병원 진료 및 처방:**
   - 전문의 진료 후 전동휠체어 처방전 및 MMSE, MBI, 근력검사 결과지 발급

2. **급여승인 신청:**
   - 보조기기 급여승인신청서, 처방전, 검사결과지 등을 국민건강보험공단에 제출하여 승인 신청

3. **전동휠체어 구입:**
   - 공단 등록된 판매업소에서 구입
   - 세금계산서 또는 카드 전표 수령 및 바코드 사진 확보

4. **급여비 청구 및 환급:**
   - 급여비 지급청구서 제출 후 약 **2~3주 후** 공단으로부터 환급

**유의사항:**

- 급여결정 통보일로부터 **6개월 이내** 구입 시만 급여 가능
- 내부기관 장애나 지체장애 중복 보유한 경우도 인정 가능

⚠️ **주의사항:** 구체적인 정보는 제공된 자료를 참고하세요.

📞 **문의:** 관련 기관에 확인해 주세요.",success,등급신청조건
2025-08-13 15:10:14,오늘 떡볶이 어디 종류 먹을까?,"죄송합니다. 저는 노인복지용구 전문 상담 챗봇입니다. 복지용구 신청, 품목, 비용, 자격조건 등에 대해서만 답변할 수 있어요. 복지용구와 관련된 궁금한 점이 있으시면 언제든 물어보세요!",fallback,차단된질문
2025-08-13 15:11:06,나 60세 할아버지야 늙었지. 전동휠체어 빌릴수있을까?,"**전동휠체어 대여 가능 여부**

**신청 자격:**

전동휠체어를 대여하기 위해서는 몇 가지 조건을 충족해야 합니다. 아래 조건을 확인해 주세요:

- **지체/뇌병변장애**: 평지에서 **100m 이상 보행이 어려운 경우**에 해당합니다. 또한, 팔의 기능장애가 있거나 내부기관 장애가 중복된 경우도 포함됩니다.
- **심장장애**: 평지 보행이 어렵고, **운동부하검사에서 3~4 METs 미만**인 경우입니다.
- **호흡기장애**: 평지 보행이 어렵고, **BODE Index가 8~9점 미만**인 경우입니다.

**공통 기준:**

- **MMSE 인지검사**에서 **24점 이상**이어야 하며, **MBI 일상생활동작검사**에서 ""적합"" 판정을 받아야 합니다.
- **운전면허를 소지**하거나 전동스쿠터 조작이 가능하다고 판단되는 경우에 가능합니다.

**급여 절차 및 제출서류:**

1️⃣ **병원 진료 및 처방**: 전문의에게 진료를 받고, 전동휠체어 처방전 및 관련 검사 결과지를 발급받습니다.

2️⃣ **급여승인 신청**: 보조기기 급여승인신청서, 처방전, 검사결과지를 국민건강보험공단에 제출하여 승인을 받습니다.

3️⃣ **전동휠체어 구입**: 공단에 등록된 판매업소에서 전동휠체어를 구입하고, 세금계산서 또는 카드 전표, 바코드가 식별 가능한 제품 사진을 확보합니다.

4️⃣ **급여비 청구**: 공단에 급여비 지급청구서를 제출하면 약 **2~3주 후**에 환급받을 수 있습니다.

⚠️ **주의사항:** 급여결정 통보일로부터 **6개월 이내**에 구입해야 급여가 가능합니다.

📞 **문의:** 더 자세한 정보가 필요하시면 국민건강보험공단에 문의해 주세요.

이 정보를 바탕으로 전동휠체어 대여가 가능한지 확인해 보시고, 필요하신 경우 관련 절차를 진행해 보세요. 궁금한 점이 있으면 언제든지 문의해 주세요.",success,기타
2025-08-13 15:21:34,보청기 급여조건,"**제목: 보청기 급여조건 안내**

**급여 조건 요약:**

보청기를 통해 급여를 받기 위해서는 다음과 같은 조건을 충족해야 합니다.

1️⃣ **편측 급여 대상자:**
- **청각장애인**으로, 보청기 사용이 일상생활에 도움이 된다고 **이비인후과 전문의**가 판단한 경우

2️⃣ **양측 급여 대상자:**
- **15세 이하 청각장애인**
- **양측 난청**이 **80dB 미만**
- **양측 어음명료도**가 **50% 이상**
- **양측 순음청력역치 차이**가 **15dB 이하**
- **양측 어음명료도 차이**가 **20% 이하**

3️⃣ **제외 대상:**
- 의식이 명료하지 않거나 보청기 사용이 불가능하다고 **전문의**가 판단한 경우

**처방 가능한 전문의:**

- **청각장애**: **이비인후과** 전문의

**급여 절차 및 제출서류:**

1️⃣ **병원 진료 및 처방:**
- **이비인후과**에서 보장구 처방전 및 청력검사 결과지 발급

2️⃣ **보청기 구입:**
- **공단 등록 보청기 센터**에서 구매
- 다음 서류 수령:
  - **세금계산서** 또는 **카드 전표**
  - **바코드 식별 가능한 보청기 사진**
  - **보청기 구매 표준계약서**(보험급여용)
  - **의료기기 판매업 신고증 사본** 등

3️⃣ **보청기 검수:**
- 보청기 착용 후 **1개월 경과 후**
- **이비인후과**에서 **보조기기 검수확인서** 발급 (별지 제23호 서식)
- 검수 결과 **청력 개선 효과** 있다고 판단되면 급여 가능

4️⃣ **급여비 청구:**
- 제출서류:
  - **보조기기급여비 지급청구서** (별지 제21호 서식)
  - **보조기기 처방전** (별지 제22호 서식)
  - **보조기기 검수확인서** (별지 제23호 서식)
  - **세금계산서** 또는 **카드 전표** (거래명세서 포함)
  - **바코드 식별 가능한 보조기기 사진**

⚠️ **주의사항:** 처방전 발급일(급여결정 통보일)로부터 **6개월 이내** 구입한 제품만 급여 가능합니다.

📞 **문의:** 구체적인 정보는 국민건강보험공단에 확인해 주세요.",success,등급신청조건
2025-08-13 15:31:28,보청기 급여조건에 대해 알려주세요,"**제목: 보청기 급여조건 안내**

**급여 대상자 세부 인정 기준:**

• **편측:** 청각장애인(청력장애 한정)으로, 보청기 사용이 일상생활에 도움이 된다고 **이비인후과 전문의**가 판단한 경우

• **양측:** 편측 급여 대상자 중 아래 조건을 모두 충족한 경우
  - **15세 이하** 청각장애인
  - 양측 난청 (**80dB 미만**)
  - 양측 어음명료도 **≥ 50%**
  - 양측 순음청력역치 차이 **≤ 15dB**
  - 양측 어음명료도 차이 **≤ 20%**

• **제외 대상:** 의식이 명료하지 않거나 보청기 사용이 불가능하다고 전문의가 판단한 경우

**처방 가능한 전문의:**

• **청각장애:** 이비인후과

**급여 절차 및 제출서류:**

1️⃣ **병원 진료 및 처방:**
   - 이비인후과에서 보장구 처방전 및 청력검사 결과지 발급

2️⃣ **보청기 구입:**
   - 공단 등록 보청기 센터에서 구매
   - 다음 서류 수령:
     - 세금계산서 또는 카드 전표
     - 바코드 식별 가능한 보청기 사진
     - 보청기 구매 표준계약서(보험급여용)
     - 의료기기 판매업 신고증 사본 등

3️⃣ **보청기 검수:**
   - 보청기 착용 후 **1개월 경과 후**
   - 이비인후과에서 보조기기 검수확인서 발급 (별지 제23호 서식)
   - 검수 결과 청력 개선 효과 있다고 판단되면 급여 가능

4️⃣ **급여비 청구:**
   - 제출서류:
     - 보조기기급여비 지급청구서 (별지 제21호 서식)
     - 보조기기 처방전 (별지 제22호 서식)
     - 보조기기 검수확인서 (별지 제23호 서식)
     - 세금계산서 또는 카드 전표 (거래명세서 포함)
     - 바코드 식별 가능한 보조기기 사진

⚠️ **주의사항:** 구체적인 정보는 제공된 자료를 참고하세요.

📞 **문의:** 관련 기관에 확인해 주세요.",success,등급신청조건
2025-08-13 16:26:04,보청기 급여조건,"**제목: 보청기 급여조건**

**급여 대상자 세부 인정 기준:**

• **편측:** 청각장애인(청력장애 한정)으로, 보청기 사용이 일상생활에 도움이 된다고 이비인후과 전문의가 판단한 경우

• **양측:** 편측 급여 대상자 중 아래 조건을 모두 충족한 경우
  - **15세 이하 청각장애인**
  - **양측 난청 (80dB 미만)**
  - **양측 어음명료도 ≥ 50%**
  - **양측 순음청력역치 차이 ≤ 15dB**
  - **양측 어음명료도 차이 ≤ 20%**

• **제외 대상:** 의식이 명료하지 않거나 보청기 사용이 불가능하다고 전문의가 판단한 경우

**처방 가능한 전문의:**

• **청각장애:** 이비인후과

**급여 절차 및 제출서류:**

1️⃣ **병원 진료 및 처방:**
   - 이비인후과에서 보장구 처방전 및 청력검사 결과지 발급

2️⃣ **보청기 구입:**
   - 공단 등록 보청기 센터에서 구매
   - 다음 서류 수령:
     - 세금계산서 또는 카드 전표
     - 바코드 식별 가능한 보청기 사진
     - 보청기 구매 표준계약서(보험급여용)
     - 의료기기 판매업 신고증 사본 등

3️⃣ **보청기 검수:**
   - 보청기 착용 후 **1개월 경과 후**
   - 이비인후과에서 보조기기 검수확인서 발급 (별지 제23호 서식)
   - 검수 결과 청력 개선 효과 있다고 판단되면 급여 가능

4️⃣ **급여비 청구:**
   - 제출서류:
     - 보조기기급여비 지급청구서 (별지 제21호 서식)
     - 보조기기 처방전 (별지 제22호 서식)
     - 보조기기 검수확인서 (별지 제23호 서식)
     - 세금계산서 또는 카드 전표 (거래명세서 포함)
     - 바코드 식별 가능한 보조기기 사진

⚠️ **주의사항:** 처방전 발급일(급여결정 통보일)로부터 **6개월 이내** 구입한 제품만 급여 가능

📞 **문의:** 구체적인 정보는 국민건강보험공단에 확인해 주세요.",success,등급신청조건
2025-08-13 16:26:25,박종희가 누군지아냐?,"죄송합니다. 저는 노인복지용구 전문 상담 챗봇입니다. 복지용구 신청, 품목, 비용, 자격조건 등에 대해서만 답변할 수 있어요. 복지용구와 관련된 궁금한 점이 있으시면 언제든 물어보세요!",fallback,차단된질문
2025-08-13 17:41:07,전동휠체어급여조건,"**전동휠체어 급여 조건**

**급여 대상자 세부 인정 기준:**

- **지체/뇌병변장애**: 평지에서 **100m 이상 보행이 어려운 경우**이며, 다음 중 하나에 해당해야 합니다:
  - 팔의 기능장애 (근력검사 결과 최대근력 **4등급 이상**)
  - 팔은 정상이나 내부기관 장애가 중복된 경우

- **심장장애**: 평지 보행이 어려우며, **운동부하검사 3~4 METs 미만**인 경우

- **호흡기장애**: 평지 보행이 어려우며, **BODE Index 8~9점 미만**인 경우

**공통 기준:**

- **MMSE 인지검사**에서 **24점 이상**
- **MBI 일상생활동작검사**에서 ""적합"" 판정
- **운전면허 소지자** 또는 **전동스쿠터 조작 가능자**

**처방 가능한 전문의:**

- **지체/뇌병변장애**: 재활의학과, 정형외과, 신경외과, 신경과, 외과
- **심장장애**: 재활의학과, 내과(순환기분과), 흉부외과
- **호흡기장애**: 재활의학과, 내과(호흡기/알레르기분과), 흉부외과, 결핵과

**급여 절차 및 제출서류:**

1️⃣ **병원 진료 및 처방:**
   - 전문의 진료 및 검사 후 전동휠체어 처방전 발급
   - **MMSE, MBI, 근력검사** 결과지 발급

2️⃣ **급여 승인 신청:**
   - **보조기기 급여승인신청서**, 처방전, 검사결과지를 국민건강보험공단에 제출

3️⃣ **전동휠체어 구입:**
   - 공단 등록 판매업소에서 전동휠체어 구입
   - **세금계산서 또는 카드 전표**, 바코드 식별 가능한 제품 사진 확보

4️⃣ **급여비 청구 및 환급:**
   - **급여비 지급청구서** 제출 후 약 **2~3주 후** 공단으로부터 환급

⚠️ **유의사항:**
- 급여결정 통보일로부터 **6개월 이내** 구입 시만 급여 가능

📞 **문의:** 구체적인 정보는 국민건강보험공단에 확인해 주세요.",success,등급신청조건
